"../../../Engine/Plugins/Interchange/Runtime/Content/Pipelines/DefaultTexturePipeline.uasset" 0
"../../../Engine/Plugins/Interchange/Runtime/Content/Pipelines/DefaultTexturePipeline.uexp" 1
"../../../Engine/Plugins/Interchange/Runtime/Content/Pipelines/DefaultSceneLevelPipeline.uasset" 2
"../../../Engine/Plugins/Interchange/Runtime/Content/Pipelines/DefaultSceneLevelPipeline.uexp" 3
"../../../Engine/Plugins/Interchange/Runtime/Content/Pipelines/DefaultSceneAssetsPipeline.uasset" 4
"../../../Engine/Plugins/Interchange/Runtime/Content/Pipelines/DefaultSceneAssetsPipeline.uexp" 5
"../../../Engine/Plugins/Interchange/Runtime/Content/Pipelines/DefaultMaterialXPipeline.uasset" 6
"../../../Engine/Plugins/Interchange/Runtime/Content/Pipelines/DefaultMaterialXPipeline.uexp" 7
"../../../Engine/Plugins/Interchange/Runtime/Content/Pipelines/DefaultMaterialPipeline.uasset" 8
"../../../Engine/Plugins/Interchange/Runtime/Content/Pipelines/DefaultMaterialPipeline.uexp" 9
"../../../Engine/Plugins/Interchange/Runtime/Content/Pipelines/DefaultGLTFSceneAssetsPipeline.uasset" 10
"../../../Engine/Plugins/Interchange/Runtime/Content/Pipelines/DefaultGLTFSceneAssetsPipeline.uexp" 11
"../../../Engine/Plugins/Interchange/Runtime/Content/Pipelines/DefaultGLTFPipeline.uasset" 12
"../../../Engine/Plugins/Interchange/Runtime/Content/Pipelines/DefaultGLTFPipeline.uexp" 13
"../../../Engine/Plugins/Interchange/Runtime/Content/Pipelines/DefaultGLTFAssetsPipeline.uasset" 14
"../../../Engine/Plugins/Interchange/Runtime/Content/Pipelines/DefaultGLTFAssetsPipeline.uexp" 15
"../../../Engine/Plugins/Interchange/Runtime/Content/Pipelines/DefaultAssetsPipeline.uasset" 16
"../../../Engine/Plugins/Interchange/Runtime/Content/Pipelines/DefaultAssetsPipeline.uexp" 17
"../../../Engine/Plugins/Animation/ControlRig/Content/Controls/DefaultGizmoLibraryNormalized.uasset" 18
"../../../Engine/Plugins/Animation/ControlRig/Content/Controls/DefaultGizmoLibraryNormalized.uexp" 19
"../../../Engine/Plugins/2D/Paper2D/Content/PlaceholderTextures/DummySpriteTexture.ubulk" 20
"../../../Engine/Plugins/2D/Paper2D/Content/PlaceholderTextures/DummySpriteTexture.uasset" 21
"../../../Engine/Plugins/2D/Paper2D/Content/PlaceholderTextures/DummySpriteTexture.uexp" 22
"../../../Engine/Plugins/2D/Paper2D/Content/DummySprite.uasset" 23
"../../../Engine/Plugins/2D/Paper2D/Content/DummySprite.uexp" 24
"../../../Engine/Plugins/2D/Paper2D/Content/DefaultPaperTerrainMaterial.uasset" 25
"../../../Engine/Plugins/2D/Paper2D/Content/DefaultPaperTerrainMaterial.uexp" 26
"../../../Engine/Content/EngineSounds/Master.uasset" 27
"../../../Engine/Content/EngineSounds/Master.uexp" 28
"../../../Engine/Content/EngineMaterials/DefaultPhysicalMaterial.uasset" 29
"../../../Engine/Content/EngineMaterials/DefaultPhysicalMaterial.uexp" 30
"../../../Engine/Content/EngineMaterials/DefaultDestructiblePhysicalMaterial.uasset" 31
"../../../Engine/Content/EngineMaterials/DefaultDestructiblePhysicalMaterial.uexp" 32
"../../../Engine/Content/EngineFonts/Faces/RobotoLight.uexp" 33
"../../../Engine/Content/EngineFonts/Faces/RobotoLight.uasset" 34
"../../../Engine/Content/EngineFonts/Faces/RobotoLight.ufont" 35
"../../../Engine/Content/EngineFonts/Faces/RobotoBold.uexp" 36
"../../../Engine/Content/EngineFonts/Faces/RobotoBold.uasset" 37
"../../../Engine/Content/EngineFonts/Faces/RobotoBold.ufont" 38
"../../../Engine/Content/EngineFonts/Faces/RobotoRegular.uexp" 39
"../../../Engine/Content/EngineFonts/Faces/RobotoRegular.uasset" 40
"../../../Engine/Content/EngineFonts/Faces/RobotoRegular.ufont" 41
"../../../Engine/Content/EngineFonts/Faces/DroidSansFallback.uexp" 42
"../../../Engine/Content/EngineFonts/Faces/DroidSansFallback.uasset" 43
"../../../Engine/Content/EngineFonts/Faces/DroidSansFallback.ufont" 44
"../../../Engine/Content/EngineFonts/Faces/RobotoItalic.uexp" 45
"../../../Engine/Content/EngineFonts/Faces/RobotoItalic.uasset" 46
"../../../Engine/Content/EngineFonts/Faces/RobotoItalic.ufont" 47
"../../../Engine/Content/EngineFonts/Faces/RobotoBoldItalic.uexp" 48
"../../../Engine/Content/EngineFonts/Faces/RobotoBoldItalic.uasset" 49
"../../../Engine/Content/EngineFonts/Faces/RobotoBoldItalic.ufont" 50
"../../../Engine/Content/EngineFonts/Roboto.uasset" 51
"../../../Engine/Content/EngineFonts/Roboto.uexp" 52
"../../../Engine/Content/MobileResources/HUD/VirtualJoystick_Background.uasset" 53
"../../../Engine/Content/MobileResources/HUD/VirtualJoystick_Background.uexp" 54
"../../../Engine/Content/MobileResources/HUD/VirtualJoystick_Thumb.uasset" 55
"../../../Engine/Content/MobileResources/HUD/VirtualJoystick_Thumb.uexp" 56
"C:/Users/DedPyps/Documents/Unreal Projects/zombie_dead/Content/FirstPerson/Input/MobileControls.uasset" 57
"C:/Users/DedPyps/Documents/Unreal Projects/zombie_dead/Content/FirstPerson/Input/MobileControls.uexp" 58
"../../../Engine/Content/EditorResources/S_Actor.ubulk" 59
"../../../Engine/Content/EditorResources/S_Actor.uasset" 60
"../../../Engine/Content/EditorResources/S_Actor.uexp" 61
"../../../Engine/Content/EditorResources/S_BoxReflectionCapture.uasset" 62
"../../../Engine/Content/EditorResources/S_BoxReflectionCapture.uexp" 63
"../../../Engine/Content/EngineResources/DefaultTexture.ubulk" 64
"../../../Engine/Content/EngineResources/DefaultTexture.uasset" 65
"../../../Engine/Content/EngineResources/DefaultTexture.uexp" 66
"../../../Engine/Content/EngineResources/DefaultTextureCube.uasset" 67
"../../../Engine/Content/EngineResources/DefaultTextureCube.uexp" 68
"../../../Engine/Content/EngineResources/DefaultVolumeTexture2D.uasset" 69
"../../../Engine/Content/EngineResources/DefaultVolumeTexture2D.uexp" 70
"../../../Engine/Content/EngineResources/DefaultVolumeTexture.uasset" 71
"../../../Engine/Content/EngineResources/DefaultVolumeTexture.uexp" 72
"../../../Engine/Plugins/Runtime/MeshModelingToolset/Content/Materials/M_DynamicMeshComponentVtxColor.uasset" 73
"../../../Engine/Plugins/Runtime/MeshModelingToolset/Content/Materials/M_DynamicMeshComponentVtxColor.uexp" 74
"../../../Engine/Plugins/Runtime/HairStrands/Content/Materials/HairMeshesDefaultMaterial.uasset" 75
"../../../Engine/Plugins/Runtime/HairStrands/Content/Materials/HairMeshesDefaultMaterial.uexp" 76
"../../../Engine/Plugins/Runtime/HairStrands/Content/Materials/HairDefaultMaterial.uasset" 77
"../../../Engine/Plugins/Runtime/HairStrands/Content/Materials/HairDefaultMaterial.uexp" 78
"../../../Engine/Plugins/Runtime/HairStrands/Content/Materials/HairGroupColors.uasset" 79
"../../../Engine/Plugins/Runtime/HairStrands/Content/Materials/HairGroupColors.uexp" 80
"../../../Engine/Content/Functions/Engine_MaterialFunctions02/Utility/MakeFloat2.uasset" 81
"../../../Engine/Content/Functions/Engine_MaterialFunctions02/Utility/MakeFloat2.uexp" 82
"../../../Engine/Content/Functions/Engine_MaterialFunctions02/Utility/MakeFloat3.uasset" 83
"../../../Engine/Content/Functions/Engine_MaterialFunctions02/Utility/MakeFloat3.uexp" 84
"../../../Engine/Content/EngineMaterials/HairColorMap.uasset" 85
"../../../Engine/Content/EngineMaterials/HairColorMap.uexp" 86
"../../../Engine/Content/EngineMaterials/HairDebugColor.uasset" 87
"../../../Engine/Content/EngineMaterials/HairDebugColor.uexp" 88
"../../../Engine/Plugins/Runtime/HairStrands/Content/Materials/HairDebugMaterial.uasset" 89
"../../../Engine/Plugins/Runtime/HairStrands/Content/Materials/HairDebugMaterial.uexp" 90
"../../../Engine/Plugins/Runtime/HairStrands/Content/Materials/HairCardsDefaultMaterial.uasset" 91
"../../../Engine/Plugins/Runtime/HairStrands/Content/Materials/HairCardsDefaultMaterial.uexp" 92
"../../../Engine/Plugins/Runtime/AudioWidgets/Content/Resources/ScrubHandleDown_Clamped.uasset" 93
"../../../Engine/Plugins/Runtime/AudioWidgets/Content/Resources/ScrubHandleDown_Clamped.uexp" 94
"../../../Engine/Plugins/Interchange/Assets/Content/Functions/MX_UsdPreviewSurface.uasset" 95
"../../../Engine/Plugins/Interchange/Assets/Content/Functions/MX_UsdPreviewSurface.uexp" 96
"../../../Engine/Plugins/Interchange/Assets/Content/Functions/MX_UniformEDF.uasset" 97
"../../../Engine/Plugins/Interchange/Assets/Content/Functions/MX_UniformEDF.uexp" 98
"../../../Engine/Content/EditorResources/S_Trigger.ubulk" 99
"../../../Engine/Content/EditorResources/S_Trigger.uasset" 100
"../../../Engine/Content/EditorResources/S_Trigger.uexp" 101
"../../../Engine/Plugins/Interchange/Assets/Content/Functions/MX_TranslucentBSDF.uasset" 102
"../../../Engine/Plugins/Interchange/Assets/Content/Functions/MX_TranslucentBSDF.uexp" 103
"../../../Engine/Plugins/Interchange/Assets/Content/Functions/MX_ThinFilmBSDF.uasset" 104
"../../../Engine/Plugins/Interchange/Assets/Content/Functions/MX_ThinFilmBSDF.uexp" 105
"../../../Engine/Plugins/Interchange/Assets/Content/Functions/MX_SurfaceUnlit.uasset" 106
"../../../Engine/Plugins/Interchange/Assets/Content/Functions/MX_SurfaceUnlit.uexp" 107
"../../../Engine/Plugins/Interchange/Assets/Content/Functions/MX_Surface.uasset" 108
"../../../Engine/Plugins/Interchange/Assets/Content/Functions/MX_Surface.uexp" 109
"../../../Engine/Plugins/Interchange/Assets/Content/Functions/MX_SubsurfaceBSDF.uasset" 110
"../../../Engine/Plugins/Interchange/Assets/Content/Functions/MX_SubsurfaceBSDF.uexp" 111
"../../../Engine/Plugins/Interchange/Assets/Content/Functions/MX_SheenBSDF.uasset" 112
"../../../Engine/Plugins/Interchange/Assets/Content/Functions/MX_SheenBSDF.uexp" 113
"../../../Engine/Plugins/Interchange/Assets/Content/Functions/MX_OrenNayarBSDF.uasset" 114
"../../../Engine/Plugins/Interchange/Assets/Content/Functions/MX_OrenNayarBSDF.uexp" 115
"../../../Engine/Plugins/Interchange/Assets/Content/Utilities/New_LUT.uasset" 116
"../../../Engine/Plugins/Interchange/Assets/Content/Utilities/New_LUT.uexp" 117
"../../../Engine/Content/Functions/Engine_MaterialFunctions03/Math/RemapValueRange.uasset" 118
"../../../Engine/Content/Functions/Engine_MaterialFunctions03/Math/RemapValueRange.uexp" 119
"../../../Engine/Plugins/Interchange/Assets/Content/Functions/MF_Iridescence.uasset" 120
"../../../Engine/Plugins/Interchange/Assets/Content/Functions/MF_Iridescence.uexp" 121
"../../../Engine/Plugins/Interchange/Assets/Content/Functions/MX_StandardSurface.uasset" 122
"../../../Engine/Plugins/Interchange/Assets/Content/Functions/MX_StandardSurface.uexp" 123
"../../../Engine/Plugins/Interchange/Assets/Content/Functions/MX_TransmissionSurface.uasset" 124
"../../../Engine/Plugins/Interchange/Assets/Content/Functions/MX_TransmissionSurface.uexp" 125
"../../../Engine/Plugins/Interchange/Assets/Content/Functions/MX_OpenPBR_Translucent.uasset" 126
"../../../Engine/Plugins/Interchange/Assets/Content/Functions/MX_OpenPBR_Translucent.uexp" 127
"../../../Engine/Plugins/Interchange/Assets/Content/Functions/MX_OpenPBR_Opaque.uasset" 128
"../../../Engine/Plugins/Interchange/Assets/Content/Functions/MX_OpenPBR_Opaque.uexp" 129
"../../../Engine/Plugins/Interchange/Assets/Content/Functions/MX_MeasuredEDF.uasset" 130
"../../../Engine/Plugins/Interchange/Assets/Content/Functions/MX_MeasuredEDF.uexp" 131
"../../../Engine/Plugins/Interchange/Assets/Content/Functions/MX_GeneralizedSchlickBSDF.uasset" 132
"../../../Engine/Plugins/Interchange/Assets/Content/Functions/MX_GeneralizedSchlickBSDF.uexp" 133
"../../../Engine/Plugins/Interchange/Assets/Content/Functions/MX_DielectricBSDF.uasset" 134
"../../../Engine/Plugins/Interchange/Assets/Content/Functions/MX_DielectricBSDF.uexp" 135
"../../../Engine/Plugins/Interchange/Assets/Content/Functions/MX_ConicalEDF.uasset" 136
"../../../Engine/Plugins/Interchange/Assets/Content/Functions/MX_ConicalEDF.uexp" 137
"../../../Engine/Plugins/Interchange/Assets/Content/Functions/MX_ConductorBSDF.uasset" 138
"../../../Engine/Plugins/Interchange/Assets/Content/Functions/MX_ConductorBSDF.uexp" 139
"../../../Engine/Plugins/Interchange/Assets/Content/Functions/MX_BurleyDiffuseBSDF.uasset" 140
"../../../Engine/Plugins/Interchange/Assets/Content/Functions/MX_BurleyDiffuseBSDF.uexp" 141
"../../../Engine/Plugins/Interchange/Assets/Content/Functions/MX_AnisotropicVDF.uasset" 142
"../../../Engine/Plugins/Interchange/Assets/Content/Functions/MX_AnisotropicVDF.uexp" 143
"../../../Engine/Plugins/Interchange/Assets/Content/Functions/MX_AbsorptionVDF.uasset" 144
"../../../Engine/Plugins/Interchange/Assets/Content/Functions/MX_AbsorptionVDF.uexp" 145
"../../../Engine/Content/EditorResources/S_TriggerBox.uasset" 146
"../../../Engine/Content/EditorResources/S_TriggerBox.uexp" 147
"../../../Engine/Plugins/Editor/SpeedTreeImporter/Content/SpeedTree9/game_wind_noise.ubulk" 148
"../../../Engine/Plugins/Editor/SpeedTreeImporter/Content/SpeedTree9/game_wind_noise.uasset" 149
"../../../Engine/Plugins/Editor/SpeedTreeImporter/Content/SpeedTree9/game_wind_noise.uexp" 150
"../../../Engine/Plugins/Editor/SpeedTreeImporter/Content/SpeedTree9/UnpackDirection.uasset" 151
"../../../Engine/Plugins/Editor/SpeedTreeImporter/Content/SpeedTree9/UnpackDirection.uexp" 152
"../../../Engine/Content/Functions/Engine_MaterialFunctions02/ObjectLocalBounds.uasset" 153
"../../../Engine/Content/Functions/Engine_MaterialFunctions02/ObjectLocalBounds.uexp" 154
"../../../Engine/Content/Functions/Engine_MaterialFunctions02/Utility/BreakOutFloat3Components.uasset" 155
"../../../Engine/Content/Functions/Engine_MaterialFunctions02/Utility/BreakOutFloat3Components.uexp" 156
"../../../Engine/Content/Functions/Engine_MaterialFunctions02/UVs/BoundingBoxBased_0-1_UVW.uasset" 157
"../../../Engine/Content/Functions/Engine_MaterialFunctions02/UVs/BoundingBoxBased_0-1_UVW.uexp" 158
"../../../Engine/Content/Functions/Engine_MaterialFunctions02/Utility/VectorLength.uasset" 159
"../../../Engine/Content/Functions/Engine_MaterialFunctions02/Utility/VectorLength.uexp" 160
"../../../Engine/Plugins/Editor/SpeedTreeImporter/Content/SpeedTree9/UnpackInteger3.uasset" 161
"../../../Engine/Plugins/Editor/SpeedTreeImporter/Content/SpeedTree9/UnpackInteger3.uexp" 162
"../../../Engine/Plugins/Editor/SpeedTreeImporter/Content/SpeedTree9/SpeedTreeCameraFacing.uasset" 163
"../../../Engine/Plugins/Editor/SpeedTreeImporter/Content/SpeedTree9/SpeedTreeCameraFacing.uexp" 164
"../../../Engine/Content/Functions/Engine_MaterialFunctions02/WorldPositionOffset/ObjectScale.uasset" 165
"../../../Engine/Content/Functions/Engine_MaterialFunctions02/WorldPositionOffset/ObjectScale.uexp" 166
"../../../Engine/Content/Functions/Engine_MaterialFunctions02/SafeNormalize.uasset" 167
"../../../Engine/Content/Functions/Engine_MaterialFunctions02/SafeNormalize.uexp" 168
"../../../Engine/Plugins/Editor/SpeedTreeImporter/Content/SpeedTree9/SpeedTreeWindMotion.uasset" 169
"../../../Engine/Plugins/Editor/SpeedTreeImporter/Content/SpeedTree9/SpeedTreeWindMotion.uexp" 170
"../../../Engine/Plugins/Editor/SpeedTreeImporter/Content/SpeedTree9/SpeedTreeBranchMotion.uasset" 171
"../../../Engine/Plugins/Editor/SpeedTreeImporter/Content/SpeedTree9/SpeedTreeBranchMotion.uexp" 172
"../../../Engine/Plugins/Editor/SpeedTreeImporter/Content/SpeedTree9/SpeedTreeWind.uasset" 173
"../../../Engine/Plugins/Editor/SpeedTreeImporter/Content/SpeedTree9/SpeedTreeWind.uexp" 174
"../../../Engine/Plugins/Editor/SpeedTreeImporter/Content/SpeedTree9/EmptyNormal.uasset" 175
"../../../Engine/Plugins/Editor/SpeedTreeImporter/Content/SpeedTree9/EmptyNormal.uexp" 176
"../../../Engine/Plugins/Editor/SpeedTreeImporter/Content/SpeedTree9/Empty.uasset" 177
"../../../Engine/Plugins/Editor/SpeedTreeImporter/Content/SpeedTree9/Empty.uexp" 178
"../../../Engine/Plugins/Editor/SpeedTreeImporter/Content/SpeedTree9/SpeedTreeMaster.uasset" 179
"../../../Engine/Plugins/Editor/SpeedTreeImporter/Content/SpeedTree9/SpeedTreeMaster.uexp" 180
"../../../Engine/Plugins/Editor/SpeedTreeImporter/Content/SpeedTree9/SpeedTreeBillboard.uasset" 181
"../../../Engine/Plugins/Editor/SpeedTreeImporter/Content/SpeedTree9/SpeedTreeBillboard.uexp" 182
"../../../Engine/Plugins/Editor/SpeedTreeImporter/Content/SpeedTree9/SpeedTreeBillboardMaster.uasset" 183
"../../../Engine/Plugins/Editor/SpeedTreeImporter/Content/SpeedTree9/SpeedTreeBillboardMaster.uexp" 184
"../../../Engine/Content/Functions/Engine_MaterialFunctions02/WorldPositionOffset/CameraOffset.uasset" 185
"../../../Engine/Content/Functions/Engine_MaterialFunctions02/WorldPositionOffset/CameraOffset.uexp" 186
"../../../Engine/Plugins/Animation/ControlRig/Content/M_Manip.uasset" 187
"../../../Engine/Plugins/Animation/ControlRig/Content/M_Manip.uexp" 188
"../../../Engine/Plugins/Animation/ControlRig/Content/Controls/ControlRigXRayMaterial.uasset" 189
"../../../Engine/Plugins/Animation/ControlRig/Content/Controls/ControlRigXRayMaterial.uexp" 190
"../../../Engine/Plugins/Animation/ControlRig/Content/Controls/ControlRigGizmoMaterial.uasset" 191
"../../../Engine/Plugins/Animation/ControlRig/Content/Controls/ControlRigGizmoMaterial.uexp" 192
"../../../Engine/Content/EditorResources/S_TriggerCapsule.uasset" 193
"../../../Engine/Content/EditorResources/S_TriggerCapsule.uexp" 194
"../../../Engine/Content/EngineResources/GradientTexture0.uasset" 195
"../../../Engine/Content/EngineResources/GradientTexture0.uexp" 196
"../../../Engine/Content/EngineResources/Black.uasset" 197
"../../../Engine/Content/EngineResources/Black.uexp" 198
"../../../Engine/Content/EditorResources/S_TriggerSphere.uasset" 199
"../../../Engine/Content/EditorResources/S_TriggerSphere.uexp" 200
"../../../Engine/Content/EngineMaterials/RemoveSurfaceMaterial.uasset" 201
"../../../Engine/Content/EngineMaterials/RemoveSurfaceMaterial.uexp" 202
"../../../Engine/Content/EngineMaterials/PreintegratedSkinBRDF.uasset" 203
"../../../Engine/Content/EngineMaterials/PreintegratedSkinBRDF.uexp" 204
"../../../Engine/Content/EngineMaterials/DefaultCalibrationGrayscale.uasset" 205
"../../../Engine/Content/EngineMaterials/DefaultCalibrationGrayscale.uexp" 206
"../../../Engine/Content/EngineMaterials/PPM_DefaultCalibrationGrayscale.uasset" 207
"../../../Engine/Content/EngineMaterials/PPM_DefaultCalibrationGrayscale.uexp" 208
"../../../Engine/Content/EngineMaterials/DefaultCalibrationColor.uasset" 209
"../../../Engine/Content/EngineMaterials/DefaultCalibrationColor.uexp" 210
"../../../Engine/Content/EngineMaterials/PPM_DefaultCalibrationColor.uasset" 211
"../../../Engine/Content/EngineMaterials/PPM_DefaultCalibrationColor.uexp" 212
"../../../Engine/Content/EngineMaterials/PhAT_JointLimitMaterial.uasset" 213
"../../../Engine/Content/EngineMaterials/PhAT_JointLimitMaterial.uexp" 214
"../../../Engine/Content/EngineMaterials/NaniteHiddenSectionMaterial.uasset" 215
"../../../Engine/Content/EngineMaterials/NaniteHiddenSectionMaterial.uexp" 216
"../../../Engine/Content/EngineMaterials/InvalidLightmapSettings.ubulk" 217
"../../../Engine/Content/EngineMaterials/InvalidLightmapSettings.uasset" 218
"../../../Engine/Content/EngineMaterials/InvalidLightmapSettings.uexp" 219
"../../../Engine/Content/EngineMaterials/M_InvalidLightmapSettings.uasset" 220
"../../../Engine/Content/EngineMaterials/M_InvalidLightmapSettings.uexp" 221
"../../../Engine/Content/EngineMaterials/MiniFont.uasset" 222
"../../../Engine/Content/EngineMaterials/MiniFont.uexp" 223
"../../../Engine/Content/EngineMaterials/GizmoMaterial.uasset" 224
"../../../Engine/Content/EngineMaterials/GizmoMaterial.uexp" 225
"../../../Engine/Content/EngineMaterials/BaseFlattenEmissiveMap_VT.uasset" 226
"../../../Engine/Content/EngineMaterials/BaseFlattenEmissiveMap_VT.uexp" 227
"../../../Engine/Content/EngineMaterials/BaseFlattenGrayscaleMap_VT.uasset" 228
"../../../Engine/Content/EngineMaterials/BaseFlattenGrayscaleMap_VT.uexp" 229
"../../../Engine/Content/EngineMaterials/BaseFlattenLinearColor_VT.uasset" 230
"../../../Engine/Content/EngineMaterials/BaseFlattenLinearColor_VT.uexp" 231
"../../../Engine/Content/EngineMaterials/Black_1x1_EXR_Texture_VT.uasset" 232
"../../../Engine/Content/EngineMaterials/Black_1x1_EXR_Texture_VT.uexp" 233
"../../../Engine/Content/EngineMaterials/BaseFlattenDiffuseMap_VT.uasset" 234
"../../../Engine/Content/EngineMaterials/BaseFlattenDiffuseMap_VT.uexp" 235
"../../../Engine/Content/EngineMaterials/BaseFlattenNormalMap_VT.uasset" 236
"../../../Engine/Content/EngineMaterials/BaseFlattenNormalMap_VT.uexp" 237
"../../../Engine/Content/EngineMaterials/FlattenMaterial_WS_Normal_VT.uasset" 238
"../../../Engine/Content/EngineMaterials/FlattenMaterial_WS_Normal_VT.uexp" 239
"../../../Engine/Content/EngineMaterials/FlattenMaterial_VT.uasset" 240
"../../../Engine/Content/EngineMaterials/FlattenMaterial_VT.uexp" 241
"../../../Engine/Content/EngineMaterials/BaseFlattenNormalMap.uasset" 242
"../../../Engine/Content/EngineMaterials/BaseFlattenNormalMap.uexp" 243
"../../../Engine/Content/EngineMaterials/BaseFlattenGrayscaleMap.uasset" 244
"../../../Engine/Content/EngineMaterials/BaseFlattenGrayscaleMap.uexp" 245
"../../../Engine/Content/EngineMaterials/BaseFlattenDiffuseMap.uasset" 246
"../../../Engine/Content/EngineMaterials/BaseFlattenDiffuseMap.uexp" 247
"../../../Engine/Content/Functions/Engine_MaterialFunctions02/PivotPainter2/Black_1x1_EXR_Texture.uasset" 248
"../../../Engine/Content/Functions/Engine_MaterialFunctions02/PivotPainter2/Black_1x1_EXR_Texture.uexp" 249
"../../../Engine/Content/EngineMaterials/BaseFlattenEmissiveMap.uasset" 250
"../../../Engine/Content/EngineMaterials/BaseFlattenEmissiveMap.uexp" 251
"../../../Engine/Content/EngineMaterials/BaseFlattenLinearColor.uasset" 252
"../../../Engine/Content/EngineMaterials/BaseFlattenLinearColor.uexp" 253
"../../../Engine/Content/EngineMaterials/FlattenMaterial.uasset" 254
"../../../Engine/Content/EngineMaterials/FlattenMaterial.uexp" 255
"../../../Engine/Content/EngineMaterials/FastBlueNoise_vec2_128x128x64.uasset" 256
"../../../Engine/Content/EngineMaterials/FastBlueNoise_vec2_128x128x64.uexp" 257
"../../../Engine/Content/EngineMaterials/FastBlueNoise_scalar_128x128x64.uasset" 258
"../../../Engine/Content/EngineMaterials/FastBlueNoise_scalar_128x128x64.uexp" 259
"../../../Engine/Content/EngineMaterials/DefaultWhiteGrid_Low.uasset" 260
"../../../Engine/Content/EngineMaterials/DefaultWhiteGrid_Low.uexp" 261
"../../../Engine/Content/EngineMaterials/EmissiveMeshMaterial.uasset" 262
"../../../Engine/Content/EngineMaterials/EmissiveMeshMaterial.uexp" 263
"../../../Engine/Content/EngineMaterials/DefaultWhiteGrid.ubulk" 264
"../../../Engine/Content/EngineMaterials/DefaultWhiteGrid.uasset" 265
"../../../Engine/Content/EngineMaterials/DefaultWhiteGrid.uexp" 266
"../../../Engine/Content/EngineFonts/RobotoDistanceField.uasset" 267
"../../../Engine/Content/EngineFonts/RobotoDistanceField.uexp" 268
"../../../Engine/Content/EngineMaterials/DefaultTextMaterialOpaque.uasset" 269
"../../../Engine/Content/EngineMaterials/DefaultTextMaterialOpaque.uexp" 270
"../../../Engine/Content/EngineMaterials/DefaultDiffuse.ubulk" 271
"../../../Engine/Content/EngineMaterials/DefaultDiffuse.uasset" 272
"../../../Engine/Content/EngineMaterials/DefaultDiffuse.uexp" 273
"../../../Engine/Content/Functions/Engine_MaterialFunctions02/Utility/BreakOutFloat2Components.uasset" 274
"../../../Engine/Content/Functions/Engine_MaterialFunctions02/Utility/BreakOutFloat2Components.uexp" 275
"../../../Engine/Content/EngineMaterials/DefaultPostProcessMaterial.uasset" 276
"../../../Engine/Content/EngineMaterials/DefaultPostProcessMaterial.uexp" 277
"../../../Engine/Content/EngineMaterials/DefaultLightFunctionMaterial.uasset" 278
"../../../Engine/Content/EngineMaterials/DefaultLightFunctionMaterial.uexp" 279
"../../../Engine/Content/EngineMaterials/DefaultDeferredDecalMaterial.uasset" 280
"../../../Engine/Content/EngineMaterials/DefaultDeferredDecalMaterial.uexp" 281
"../../../Engine/Content/EngineMaterials/DefaultBokeh.uasset" 282
"../../../Engine/Content/EngineMaterials/DefaultBokeh.uexp" 283
"../../../Engine/Content/EngineMaterials/DefaultBloomKernel.uasset" 284
"../../../Engine/Content/EngineMaterials/DefaultBloomKernel.uexp" 285
"../../../Engine/Content/Functions/Engine_MaterialFunctions02/Utility/CameraDirectionVector.uasset" 286
"../../../Engine/Content/Functions/Engine_MaterialFunctions02/Utility/CameraDirectionVector.uexp" 287
"../../../Engine/Content/EngineDebugMaterials/VolumeToRender.uasset" 288
"../../../Engine/Content/EngineDebugMaterials/VolumeToRender.uexp" 289
"../../../Engine/Content/EngineDebugMaterials/M_VolumeRenderSphereTracePP.uasset" 290
"../../../Engine/Content/EngineDebugMaterials/M_VolumeRenderSphereTracePP.uexp" 291
"../../../Engine/Content/EngineDebugMaterials/M_SimpleUnlitTranslucent.uasset" 292
"../../../Engine/Content/EngineDebugMaterials/M_SimpleUnlitTranslucent.uexp" 293
"../../../Engine/Content/EngineDebugMaterials/DebugMeshMaterial.uasset" 294
"../../../Engine/Content/EngineDebugMaterials/DebugMeshMaterial.uexp" 295
"../../../Engine/Content/EngineDebugMaterials/DebugEditorMaterial.uasset" 296
"../../../Engine/Content/EngineDebugMaterials/DebugEditorMaterial.uexp" 297
"../../../Engine/Content/EngineDamageTypes/DmgTypeBP_Environmental.uasset" 298
"../../../Engine/Content/EngineDamageTypes/DmgTypeBP_Environmental.uexp" 299
"../../../Engine/Content/EditorResources/S_Terrain.ubulk" 300
"../../../Engine/Content/EditorResources/S_Terrain.uasset" 301
"../../../Engine/Content/EditorResources/S_Terrain.uexp" 302
"../../../Engine/Content/EditorResources/S_Solver.ubulk" 303
"../../../Engine/Content/EditorResources/S_Solver.uasset" 304
"../../../Engine/Content/EditorResources/S_Solver.uexp" 305
"../../../Engine/Content/EditorResources/EmptyActor.uasset" 306
"../../../Engine/Content/EditorResources/EmptyActor.uexp" 307
"../../../Engine/Content/EditorResources/BSPVertex.uasset" 308
"../../../Engine/Content/EditorResources/BSPVertex.uexp" 309
"../../../Engine/Content/EditorMaterials/PreviewShadowIndicator.ubulk" 310
"../../../Engine/Content/EditorMaterials/PreviewShadowIndicator.uasset" 311
"../../../Engine/Content/EditorMaterials/PreviewShadowIndicator.uexp" 312
"../../../Engine/Content/EditorMaterials/PreviewShadowIndicatorMaterial.uasset" 313
"../../../Engine/Content/EditorMaterials/PreviewShadowIndicatorMaterial.uexp" 314
"../../../Engine/Content/EditorMaterials/PhAT_UnselectedMaterial.uasset" 315
"../../../Engine/Content/EditorMaterials/PhAT_UnselectedMaterial.uexp" 316
"../../../Engine/Content/EditorMaterials/PhAT_NoCollisionMaterial.uasset" 317
"../../../Engine/Content/EditorMaterials/PhAT_NoCollisionMaterial.uexp" 318
"../../../Engine/Content/EditorLandscapeResources/DefaultAlphaTexture.uasset" 319
"../../../Engine/Content/EditorLandscapeResources/DefaultAlphaTexture.uexp" 320
"../../../Engine/Content/BasicShapes/BasicShapeMaterial.uasset" 321
"../../../Engine/Content/BasicShapes/BasicShapeMaterial.uexp" 322
"../../../Engine/Content/EngineResources/FilmGrains/Marcie_Grain_v3_128_M2_000.uasset" 323
"../../../Engine/Content/EngineResources/FilmGrains/Marcie_Grain_v3_128_M2_000.uexp" 324
"../../../Engine/Content/EngineMaterials/LTC/Sheen_LTC.uasset" 325
"../../../Engine/Content/EngineMaterials/LTC/Sheen_LTC.uexp" 326
"../../../Engine/Content/EngineMaterials/LTC/GGX_LTCMat.uasset" 327
"../../../Engine/Content/EngineMaterials/LTC/GGX_LTCMat.uexp" 328
"../../../Engine/Content/EngineMaterials/LTC/GGX_LTCAmp.uasset" 329
"../../../Engine/Content/EngineMaterials/LTC/GGX_LTCAmp.uexp" 330
"../../../Engine/Content/EngineMaterials/EnergyConservation/Sheen_Energy.uasset" 331
"../../../Engine/Content/EngineMaterials/EnergyConservation/Sheen_Energy.uexp" 332
"../../../Engine/Content/EngineMaterials/EnergyConservation/SheenLegacy_Energy.uasset" 333
"../../../Engine/Content/EngineMaterials/EnergyConservation/SheenLegacy_Energy.uexp" 334
"../../../Engine/Content/EngineMaterials/EnergyConservation/GGX_TransmissionEnergyArray.uasset" 335
"../../../Engine/Content/EngineMaterials/EnergyConservation/GGX_TransmissionEnergyArray.uexp" 336
"../../../Engine/Content/EngineMaterials/EnergyConservation/GGX_ReflectionEnergy.uasset" 337
"../../../Engine/Content/EngineMaterials/EnergyConservation/GGX_ReflectionEnergy.uexp" 338
"../../../Engine/Content/EngineMaterials/EnergyConservation/Diffuse_Energy.uasset" 339
"../../../Engine/Content/EngineMaterials/EnergyConservation/Diffuse_Energy.uexp" 340
"../../../Engine/Content/EditorResources/SequenceRecorder/RecordingIndicator.uasset" 341
"../../../Engine/Content/EditorResources/SequenceRecorder/RecordingIndicator.uexp" 342
"../../../Engine/Content/EditorResources/SequenceRecorder/Countdown.uasset" 343
"../../../Engine/Content/EditorResources/SequenceRecorder/Countdown.uexp" 344
"../../../Engine/Content/EditorMaterials/ParticleSystems/PSysThumbnail_OOD.ubulk" 345
"../../../Engine/Content/EditorMaterials/ParticleSystems/PSysThumbnail_OOD.uasset" 346
"../../../Engine/Content/EditorMaterials/ParticleSystems/PSysThumbnail_OOD.uexp" 347
"../../../Engine/Content/EditorMaterials/ParticleSystems/PSysThumbnail_NoImage.ubulk" 348
"../../../Engine/Content/EditorMaterials/ParticleSystems/PSysThumbnail_NoImage.uasset" 349
"../../../Engine/Content/EditorMaterials/ParticleSystems/PSysThumbnail_NoImage.uexp" 350
"../../../Engine/Content/EditorMaterials/Dataflow/DataflowVertexMaterial.uasset" 351
"../../../Engine/Content/EditorMaterials/Dataflow/DataflowVertexMaterial.uexp" 352
"../../../Engine/Content/EditorMaterials/Dataflow/DataflowTwoSidedVertexMaterial.uasset" 353
"../../../Engine/Content/EditorMaterials/Dataflow/DataflowTwoSidedVertexMaterial.uexp" 354
"../../../Engine/Content/EngineMaterials/Substrate/GLints/AGlintTex2dArray.uasset" 355
"../../../Engine/Content/EngineMaterials/Substrate/GLints/AGlintTex2dArray.uexp" 356
"../../../Engine/Content/Functions/Engine_MaterialFunctions01/Shading/PowerToRoughness.uasset" 357
"../../../Engine/Content/Functions/Engine_MaterialFunctions01/Shading/PowerToRoughness.uexp" 358
"../../../Engine/Content/Functions/Engine_MaterialFunctions01/Shading/ConvertFromDiffSpec.uasset" 359
"../../../Engine/Content/Functions/Engine_MaterialFunctions01/Shading/ConvertFromDiffSpec.uexp" 360
"../../../Engine/Content/EngineMaterials/Substrate/Volume/SubstrateSimpleVolumeLUT3D.uasset" 361
"../../../Engine/Content/EngineMaterials/Substrate/Volume/SubstrateSimpleVolumeLUT3D.uexp" 362
"../../../Engine/Content/EngineMaterials/Substrate/Volume/SubstrateSimpleVolumeEnvLUT3D.uasset" 363
"../../../Engine/Content/EngineMaterials/Substrate/Volume/SubstrateSimpleVolumeEnvLUT3D.uexp" 364
"../../../Engine/Content/EngineMaterials/Substrate/GLints2/AGlintTex2dArray2.uasset" 365
"../../../Engine/Content/EngineMaterials/Substrate/GLints2/AGlintTex2dArray2.uexp" 366
"C:/Users/DedPyps/Documents/Unreal Projects/zombie_dead/Content/Zombies/BP_ZombieSpawn.uasset" 367
"C:/Users/DedPyps/Documents/Unreal Projects/zombie_dead/Content/Zombies/BP_ZombieSpawn.uexp" 368
"C:/Users/DedPyps/Documents/Unreal Projects/zombie_dead/Content/Weapons_And_Items/Weapon_Crate/soviet_crate_PhysicsAsset.uasset" 369
"C:/Users/DedPyps/Documents/Unreal Projects/zombie_dead/Content/Weapons_And_Items/Weapon_Crate/soviet_crate_PhysicsAsset.uexp" 370
"C:/Users/DedPyps/Documents/Unreal Projects/zombie_dead/Content/Weapons_And_Items/Weapon_Crate/soviet_crate_Normal.ubulk" 371
"C:/Users/DedPyps/Documents/Unreal Projects/zombie_dead/Content/Weapons_And_Items/Weapon_Crate/soviet_crate_Normal.uasset" 372
"C:/Users/DedPyps/Documents/Unreal Projects/zombie_dead/Content/Weapons_And_Items/Weapon_Crate/soviet_crate_Normal.uexp" 373
"C:/Users/DedPyps/Documents/Unreal Projects/zombie_dead/Content/Weapons_And_Items/Weapon_Crate/soviet_crate_glossiness.ubulk" 374
"C:/Users/DedPyps/Documents/Unreal Projects/zombie_dead/Content/Weapons_And_Items/Weapon_Crate/soviet_crate_glossiness.uasset" 375
"C:/Users/DedPyps/Documents/Unreal Projects/zombie_dead/Content/Weapons_And_Items/Weapon_Crate/soviet_crate_glossiness.uexp" 376
"C:/Users/DedPyps/Documents/Unreal Projects/zombie_dead/Content/Weapons_And_Items/Weapon_Crate/soviet_crate_albedo.ubulk" 377
"C:/Users/DedPyps/Documents/Unreal Projects/zombie_dead/Content/Weapons_And_Items/Weapon_Crate/soviet_crate_albedo.uasset" 378
"C:/Users/DedPyps/Documents/Unreal Projects/zombie_dead/Content/Weapons_And_Items/Weapon_Crate/soviet_crate_albedo.uexp" 379
"C:/Users/DedPyps/Documents/Unreal Projects/zombie_dead/Content/Weapons_And_Items/Ammo_Box_1/7_62_x_39mm_box_Roughness.ubulk" 380
"C:/Users/DedPyps/Documents/Unreal Projects/zombie_dead/Content/Weapons_And_Items/Ammo_Box_1/7_62_x_39mm_box_Roughness.uasset" 381
"C:/Users/DedPyps/Documents/Unreal Projects/zombie_dead/Content/Weapons_And_Items/Ammo_Box_1/7_62_x_39mm_box_Roughness.uexp" 382
"C:/Users/DedPyps/Documents/Unreal Projects/zombie_dead/Content/Weapons_And_Items/Ammo_Box_1/7_62_x_39mm_box_normal.uasset" 383
"C:/Users/DedPyps/Documents/Unreal Projects/zombie_dead/Content/Weapons_And_Items/Ammo_Box_1/7_62_x_39mm_box_normal.uexp" 384
"C:/Users/DedPyps/Documents/Unreal Projects/zombie_dead/Content/Weapons_And_Items/Ammo_Box_1/7_62_x_39mm_Box_Diffuse.ubulk" 385
"C:/Users/DedPyps/Documents/Unreal Projects/zombie_dead/Content/Weapons_And_Items/Ammo_Box_1/7_62_x_39mm_Box_Diffuse.uasset" 386
"C:/Users/DedPyps/Documents/Unreal Projects/zombie_dead/Content/Weapons_And_Items/Ammo_Box_1/7_62_x_39mm_Box_Diffuse.uexp" 387
"C:/Users/DedPyps/Documents/Unreal Projects/zombie_dead/Content/Weapons_And_Items/M_MasterMaterial.uasset" 388
"C:/Users/DedPyps/Documents/Unreal Projects/zombie_dead/Content/Weapons_And_Items/M_MasterMaterial.uexp" 389
"C:/Users/DedPyps/Documents/Unreal Projects/zombie_dead/Content/Weapons_And_Items/Weapon_Crate/soviet_crate_Metallic.ubulk" 390
"C:/Users/DedPyps/Documents/Unreal Projects/zombie_dead/Content/Weapons_And_Items/Weapon_Crate/soviet_crate_Metallic.uasset" 391
"C:/Users/DedPyps/Documents/Unreal Projects/zombie_dead/Content/Weapons_And_Items/Weapon_Crate/soviet_crate_Metallic.uexp" 392
"C:/Users/DedPyps/Documents/Unreal Projects/zombie_dead/Content/Weapons_And_Items/Weapon_Crate/MI_WeaponCrate.uasset" 393
"C:/Users/DedPyps/Documents/Unreal Projects/zombie_dead/Content/Weapons_And_Items/Weapon_Crate/MI_WeaponCrate.uexp" 394
"C:/Users/DedPyps/Documents/Unreal Projects/zombie_dead/Content/Weapons_And_Items/Weapon_Crate/soviet_crate_Skeleton.uasset" 395
"C:/Users/DedPyps/Documents/Unreal Projects/zombie_dead/Content/Weapons_And_Items/Weapon_Crate/soviet_crate_Skeleton.uexp" 396
"C:/Users/DedPyps/Documents/Unreal Projects/zombie_dead/Content/Weapons_And_Items/Weapon_Crate/soviet_crate.uasset" 397
"C:/Users/DedPyps/Documents/Unreal Projects/zombie_dead/Content/Weapons_And_Items/Weapon_Crate/soviet_crate.uexp" 398
"C:/Users/DedPyps/Documents/Unreal Projects/zombie_dead/Content/FirstPerson/Input/Actions/IA_Interack.uasset" 399
"C:/Users/DedPyps/Documents/Unreal Projects/zombie_dead/Content/FirstPerson/Input/Actions/IA_Interack.uexp" 400
"C:/Users/DedPyps/Documents/Unreal Projects/zombie_dead/Content/Weapons_And_Items/Ammo_Box_1/MI_AmmoBox_1.uasset" 401
"C:/Users/DedPyps/Documents/Unreal Projects/zombie_dead/Content/Weapons_And_Items/Ammo_Box_1/MI_AmmoBox_1.uexp" 402
"C:/Users/DedPyps/Documents/Unreal Projects/zombie_dead/Content/Weapons_And_Items/Ammo_Box_1/box1.ubulk" 403
"C:/Users/DedPyps/Documents/Unreal Projects/zombie_dead/Content/Weapons_And_Items/Ammo_Box_1/box1.uasset" 404
"C:/Users/DedPyps/Documents/Unreal Projects/zombie_dead/Content/Weapons_And_Items/Ammo_Box_1/box1.uexp" 405
"C:/Users/DedPyps/Documents/Unreal Projects/zombie_dead/Content/Weapons_And_Items/Ammo_Box_3/7_62_x_39mm_bullet_Metallic.ubulk" 406
"C:/Users/DedPyps/Documents/Unreal Projects/zombie_dead/Content/Weapons_And_Items/Ammo_Box_3/7_62_x_39mm_bullet_Metallic.uasset" 407
"C:/Users/DedPyps/Documents/Unreal Projects/zombie_dead/Content/Weapons_And_Items/Ammo_Box_3/7_62_x_39mm_bullet_Metallic.uexp" 408
"C:/Users/DedPyps/Documents/Unreal Projects/zombie_dead/Content/Weapons_And_Items/Ammo_Box_3/7_62_x_39mm_bullet_Diffuse.ubulk" 409
"C:/Users/DedPyps/Documents/Unreal Projects/zombie_dead/Content/Weapons_And_Items/Ammo_Box_3/7_62_x_39mm_bullet_Diffuse.uasset" 410
"C:/Users/DedPyps/Documents/Unreal Projects/zombie_dead/Content/Weapons_And_Items/Ammo_Box_3/7_62_x_39mm_bullet_Diffuse.uexp" 411
"C:/Users/DedPyps/Documents/Unreal Projects/zombie_dead/Content/Weapons_And_Items/Ammo_Box_3/7_62_x_39mm_bullet_normal.ubulk" 412
"C:/Users/DedPyps/Documents/Unreal Projects/zombie_dead/Content/Weapons_And_Items/Ammo_Box_3/7_62_x_39mm_bullet_normal.uasset" 413
"C:/Users/DedPyps/Documents/Unreal Projects/zombie_dead/Content/Weapons_And_Items/Ammo_Box_3/7_62_x_39mm_bullet_normal.uexp" 414
"C:/Users/DedPyps/Documents/Unreal Projects/zombie_dead/Content/Weapons_And_Items/Ammo_Box_3/MI_AmmoBox_3_Bullets.uasset" 415
"C:/Users/DedPyps/Documents/Unreal Projects/zombie_dead/Content/Weapons_And_Items/Ammo_Box_3/MI_AmmoBox_3_Bullets.uexp" 416
"C:/Users/DedPyps/Documents/Unreal Projects/zombie_dead/Content/Weapons_And_Items/Ammo_Box_3/bullet.ubulk" 417
"C:/Users/DedPyps/Documents/Unreal Projects/zombie_dead/Content/Weapons_And_Items/Ammo_Box_3/bullet.uasset" 418
"C:/Users/DedPyps/Documents/Unreal Projects/zombie_dead/Content/Weapons_And_Items/Ammo_Box_3/bullet.uexp" 419
"../../../Engine/Plugins/Animation/ACLPlugin/Content/ACLAnimBoneCompressionSettings.uasset" 420
"../../../Engine/Plugins/Animation/ACLPlugin/Content/ACLAnimBoneCompressionSettings.uexp" 421
"../../../Engine/Content/Animation/DefaultVariableFrameStrippingSettings.uasset" 422
"../../../Engine/Content/Animation/DefaultVariableFrameStrippingSettings.uexp" 423
"../../../Engine/Plugins/Animation/ACLPlugin/Content/ACLAnimCurveCompressionSettings.uasset" 424
"../../../Engine/Plugins/Animation/ACLPlugin/Content/ACLAnimCurveCompressionSettings.uexp" 425
"C:/Users/DedPyps/Documents/Unreal Projects/zombie_dead/Content/Weapons_And_Items/Weapon_Crate/soviet_crate_Anim.uasset" 426
"C:/Users/DedPyps/Documents/Unreal Projects/zombie_dead/Content/Weapons_And_Items/Weapon_Crate/soviet_crate_Anim.uexp" 427
"C:/Users/DedPyps/Documents/Unreal Projects/zombie_dead/Content/Weapons_And_Items/Ammo_Box_1/7_62_x_39mm_bullet_Diffuse.ubulk" 428
"C:/Users/DedPyps/Documents/Unreal Projects/zombie_dead/Content/Weapons_And_Items/Ammo_Box_1/7_62_x_39mm_bullet_Diffuse.uasset" 429
"C:/Users/DedPyps/Documents/Unreal Projects/zombie_dead/Content/Weapons_And_Items/Ammo_Box_1/7_62_x_39mm_bullet_Diffuse.uexp" 430
"C:/Users/DedPyps/Documents/Unreal Projects/zombie_dead/Content/Weapons_And_Items/Ammo_Box_1/7_62_x_39mm_bullet_normal.ubulk" 431
"C:/Users/DedPyps/Documents/Unreal Projects/zombie_dead/Content/Weapons_And_Items/Ammo_Box_1/7_62_x_39mm_bullet_normal.uasset" 432
"C:/Users/DedPyps/Documents/Unreal Projects/zombie_dead/Content/Weapons_And_Items/Ammo_Box_1/7_62_x_39mm_bullet_normal.uexp" 433
"C:/Users/DedPyps/Documents/Unreal Projects/zombie_dead/Content/Weapons_And_Items/Ammo_Box_1/7_62_x_39mm_bullet_Metallic.ubulk" 434
"C:/Users/DedPyps/Documents/Unreal Projects/zombie_dead/Content/Weapons_And_Items/Ammo_Box_1/7_62_x_39mm_bullet_Metallic.uasset" 435
"C:/Users/DedPyps/Documents/Unreal Projects/zombie_dead/Content/Weapons_And_Items/Ammo_Box_1/7_62_x_39mm_bullet_Metallic.uexp" 436
"C:/Users/DedPyps/Documents/Unreal Projects/zombie_dead/Content/Weapons_And_Items/Ammo_Box_1/MI_AmmoBox_1_Bullets.uasset" 437
"C:/Users/DedPyps/Documents/Unreal Projects/zombie_dead/Content/Weapons_And_Items/Ammo_Box_1/MI_AmmoBox_1_Bullets.uexp" 438
"C:/Users/DedPyps/Documents/Unreal Projects/zombie_dead/Content/Weapons_And_Items/Ammo_Box_1/bullets.ubulk" 439
"C:/Users/DedPyps/Documents/Unreal Projects/zombie_dead/Content/Weapons_And_Items/Ammo_Box_1/bullets.uasset" 440
"C:/Users/DedPyps/Documents/Unreal Projects/zombie_dead/Content/Weapons_And_Items/Ammo_Box_1/bullets.uexp" 441
"C:/Users/DedPyps/Documents/Unreal Projects/zombie_dead/Content/Weapons_And_Items/Ammo_Box_2/ammobox_roughness.ubulk" 442
"C:/Users/DedPyps/Documents/Unreal Projects/zombie_dead/Content/Weapons_And_Items/Ammo_Box_2/ammobox_roughness.uasset" 443
"C:/Users/DedPyps/Documents/Unreal Projects/zombie_dead/Content/Weapons_And_Items/Ammo_Box_2/ammobox_roughness.uexp" 444
"C:/Users/DedPyps/Documents/Unreal Projects/zombie_dead/Content/Weapons_And_Items/Ammo_Box_2/ammobox_albedo.ubulk" 445
"C:/Users/DedPyps/Documents/Unreal Projects/zombie_dead/Content/Weapons_And_Items/Ammo_Box_2/ammobox_albedo.uasset" 446
"C:/Users/DedPyps/Documents/Unreal Projects/zombie_dead/Content/Weapons_And_Items/Ammo_Box_2/ammobox_albedo.uexp" 447
"C:/Users/DedPyps/Documents/Unreal Projects/zombie_dead/Content/Weapons_And_Items/Ammo_Box_2/Ammobox_normal.ubulk" 448
"C:/Users/DedPyps/Documents/Unreal Projects/zombie_dead/Content/Weapons_And_Items/Ammo_Box_2/Ammobox_normal.uasset" 449
"C:/Users/DedPyps/Documents/Unreal Projects/zombie_dead/Content/Weapons_And_Items/Ammo_Box_2/Ammobox_normal.uexp" 450
"C:/Users/DedPyps/Documents/Unreal Projects/zombie_dead/Content/Weapons_And_Items/Ammo_Box_2/Ammobox_metallic.ubulk" 451
"C:/Users/DedPyps/Documents/Unreal Projects/zombie_dead/Content/Weapons_And_Items/Ammo_Box_2/Ammobox_metallic.uasset" 452
"C:/Users/DedPyps/Documents/Unreal Projects/zombie_dead/Content/Weapons_And_Items/Ammo_Box_2/Ammobox_metallic.uexp" 453
"C:/Users/DedPyps/Documents/Unreal Projects/zombie_dead/Content/Weapons_And_Items/Ammo_Box_2/MI_AmmoBox_2.uasset" 454
"C:/Users/DedPyps/Documents/Unreal Projects/zombie_dead/Content/Weapons_And_Items/Ammo_Box_2/MI_AmmoBox_2.uexp" 455
"C:/Users/DedPyps/Documents/Unreal Projects/zombie_dead/Content/Weapons_And_Items/Ammo_Box_2/AmmoBox1.ubulk" 456
"C:/Users/DedPyps/Documents/Unreal Projects/zombie_dead/Content/Weapons_And_Items/Ammo_Box_2/AmmoBox1.uasset" 457
"C:/Users/DedPyps/Documents/Unreal Projects/zombie_dead/Content/Weapons_And_Items/Ammo_Box_2/AmmoBox1.uexp" 458
"C:/Users/DedPyps/Documents/Unreal Projects/zombie_dead/Content/Weapons_And_Items/Rifle_-_AK47/SK_Ak47.uasset" 459
"C:/Users/DedPyps/Documents/Unreal Projects/zombie_dead/Content/Weapons_And_Items/Rifle_-_AK47/SK_Ak47.uexp" 460
"C:/Users/DedPyps/Documents/Unreal Projects/zombie_dead/Content/Weapons_And_Items/Rifle_-_AK47/AK47_Reload_1.ubulk" 461
"C:/Users/DedPyps/Documents/Unreal Projects/zombie_dead/Content/Weapons_And_Items/Rifle_-_AK47/AK47_Reload_1.uasset" 462
"C:/Users/DedPyps/Documents/Unreal Projects/zombie_dead/Content/Weapons_And_Items/Rifle_-_AK47/AK47_Reload_1.uexp" 463
"C:/Users/DedPyps/Documents/Unreal Projects/zombie_dead/Content/Weapons_And_Items/Rifle_-_AK47/AK47_Reload_2.ubulk" 464
"C:/Users/DedPyps/Documents/Unreal Projects/zombie_dead/Content/Weapons_And_Items/Rifle_-_AK47/AK47_Reload_2.uasset" 465
"C:/Users/DedPyps/Documents/Unreal Projects/zombie_dead/Content/Weapons_And_Items/Rifle_-_AK47/AK47_Reload_2.uexp" 466
"C:/Users/DedPyps/Documents/Unreal Projects/zombie_dead/Content/Weapons_And_Items/Rifle_-_AK47/AK47_Reload_3.ubulk" 467
"C:/Users/DedPyps/Documents/Unreal Projects/zombie_dead/Content/Weapons_And_Items/Rifle_-_AK47/AK47_Reload_3.uasset" 468
"C:/Users/DedPyps/Documents/Unreal Projects/zombie_dead/Content/Weapons_And_Items/Rifle_-_AK47/AK47_Reload_3.uexp" 469
"../../../Engine/Content/Animation/DefaultRecorderBoneCompression.uasset" 470
"../../../Engine/Content/Animation/DefaultRecorderBoneCompression.uexp" 471
"C:/Users/DedPyps/Documents/Unreal Projects/zombie_dead/Content/Weapons_And_Items/Rifle_-_AK47/AS_AK47_RELOAD.uasset" 472
"C:/Users/DedPyps/Documents/Unreal Projects/zombie_dead/Content/Weapons_And_Items/Rifle_-_AK47/AS_AK47_RELOAD.uexp" 473
"C:/Users/DedPyps/Documents/Unreal Projects/zombie_dead/Content/Weapons_And_Items/Rifle_-_AK47/AS_AK47_RELOAD_Montage.uasset" 474
"C:/Users/DedPyps/Documents/Unreal Projects/zombie_dead/Content/Weapons_And_Items/Rifle_-_AK47/AS_AK47_RELOAD_Montage.uexp" 475
"C:/Users/DedPyps/Documents/Unreal Projects/zombie_dead/Content/Survival_Character/Meshes/SKEL_Survival_Character.uasset" 476
"C:/Users/DedPyps/Documents/Unreal Projects/zombie_dead/Content/Survival_Character/Meshes/SKEL_Survival_Character.uexp" 477
"C:/Users/DedPyps/Documents/Unreal Projects/zombie_dead/Content/Weapons_And_Items/Pistol_-_USP/AS_USP_EQUIP.uasset" 478
"C:/Users/DedPyps/Documents/Unreal Projects/zombie_dead/Content/Weapons_And_Items/Pistol_-_USP/AS_USP_EQUIP.uexp" 479
"C:/Users/DedPyps/Documents/Unreal Projects/zombie_dead/Content/Weapons_And_Items/Pistol_-_USP/AS_USP_EQUIP_Montage.uasset" 480
"C:/Users/DedPyps/Documents/Unreal Projects/zombie_dead/Content/Weapons_And_Items/Pistol_-_USP/AS_USP_EQUIP_Montage.uexp" 481
"C:/Users/DedPyps/Documents/Unreal Projects/zombie_dead/Content/Weapons_And_Items/Bomb_-_C4/MI_Bomb_C4_Display.uasset" 482
"C:/Users/DedPyps/Documents/Unreal Projects/zombie_dead/Content/Weapons_And_Items/Bomb_-_C4/MI_Bomb_C4_Display.uexp" 483
"C:/Users/DedPyps/Documents/Unreal Projects/zombie_dead/Content/Weapons_And_Items/Bomb_-_C4/SK_Bomb.uasset" 484
"C:/Users/DedPyps/Documents/Unreal Projects/zombie_dead/Content/Weapons_And_Items/Bomb_-_C4/SK_Bomb.uexp" 485
"C:/Users/DedPyps/Documents/Unreal Projects/zombie_dead/Content/Weapons_And_Items/Bomb_-_C4/weapon_c4_normal.ubulk" 486
"C:/Users/DedPyps/Documents/Unreal Projects/zombie_dead/Content/Weapons_And_Items/Bomb_-_C4/weapon_c4_normal.uasset" 487
"C:/Users/DedPyps/Documents/Unreal Projects/zombie_dead/Content/Weapons_And_Items/Bomb_-_C4/weapon_c4_normal.uexp" 488
"C:/Users/DedPyps/Documents/Unreal Projects/zombie_dead/Content/Weapons_And_Items/Bomb_-_C4/weapon_c4_metallicRoughness.ubulk" 489
"C:/Users/DedPyps/Documents/Unreal Projects/zombie_dead/Content/Weapons_And_Items/Bomb_-_C4/weapon_c4_metallicRoughness.uasset" 490
"C:/Users/DedPyps/Documents/Unreal Projects/zombie_dead/Content/Weapons_And_Items/Bomb_-_C4/weapon_c4_metallicRoughness.uexp" 491
"C:/Users/DedPyps/Documents/Unreal Projects/zombie_dead/Content/Weapons_And_Items/Bomb_-_C4/weapon_c4_baseColor.ubulk" 492
"C:/Users/DedPyps/Documents/Unreal Projects/zombie_dead/Content/Weapons_And_Items/Bomb_-_C4/weapon_c4_baseColor.uasset" 493
"C:/Users/DedPyps/Documents/Unreal Projects/zombie_dead/Content/Weapons_And_Items/Bomb_-_C4/weapon_c4_baseColor.uexp" 494
"C:/Users/DedPyps/Documents/Unreal Projects/zombie_dead/Content/Weapons_And_Items/Bomb_-_C4/MI_Bomb_C4.uasset" 495
"C:/Users/DedPyps/Documents/Unreal Projects/zombie_dead/Content/Weapons_And_Items/Bomb_-_C4/MI_Bomb_C4.uexp" 496
"C:/Users/DedPyps/Documents/Unreal Projects/zombie_dead/Content/Weapons_And_Items/Bomb_-_C4/SKM_Bomb.uasset" 497
"C:/Users/DedPyps/Documents/Unreal Projects/zombie_dead/Content/Weapons_And_Items/Bomb_-_C4/SKM_Bomb.uexp" 498
"C:/Users/DedPyps/Documents/Unreal Projects/zombie_dead/Content/FirstPerson/Blueprints/ST_WeaponData.uasset" 499
"C:/Users/DedPyps/Documents/Unreal Projects/zombie_dead/Content/FirstPerson/Blueprints/ST_WeaponData.uexp" 500
"C:/Users/DedPyps/Documents/Unreal Projects/zombie_dead/Content/FirstPerson/Input/Actions/IA_Equip_USP.uasset" 501
"C:/Users/DedPyps/Documents/Unreal Projects/zombie_dead/Content/FirstPerson/Input/Actions/IA_Equip_USP.uexp" 502
"C:/Users/DedPyps/Documents/Unreal Projects/zombie_dead/Content/Weapons_And_Items/Melee_-_AX/SK_Ax.uasset" 503
"C:/Users/DedPyps/Documents/Unreal Projects/zombie_dead/Content/Weapons_And_Items/Melee_-_AX/SK_Ax.uexp" 504
"C:/Users/DedPyps/Documents/Unreal Projects/zombie_dead/Content/Weapons_And_Items/Melee_-_AX/axe_color_normal.ubulk" 505
"C:/Users/DedPyps/Documents/Unreal Projects/zombie_dead/Content/Weapons_And_Items/Melee_-_AX/axe_color_normal.uasset" 506
"C:/Users/DedPyps/Documents/Unreal Projects/zombie_dead/Content/Weapons_And_Items/Melee_-_AX/axe_color_normal.uexp" 507
"C:/Users/DedPyps/Documents/Unreal Projects/zombie_dead/Content/Weapons_And_Items/Melee_-_AX/axe_color_baseColor.ubulk" 508
"C:/Users/DedPyps/Documents/Unreal Projects/zombie_dead/Content/Weapons_And_Items/Melee_-_AX/axe_color_baseColor.uasset" 509
"C:/Users/DedPyps/Documents/Unreal Projects/zombie_dead/Content/Weapons_And_Items/Melee_-_AX/axe_color_baseColor.uexp" 510
"C:/Users/DedPyps/Documents/Unreal Projects/zombie_dead/Content/Weapons_And_Items/Melee_-_AX/axe_color_metallicRoughness.ubulk" 511
"C:/Users/DedPyps/Documents/Unreal Projects/zombie_dead/Content/Weapons_And_Items/Melee_-_AX/axe_color_metallicRoughness.uasset" 512
"C:/Users/DedPyps/Documents/Unreal Projects/zombie_dead/Content/Weapons_And_Items/Melee_-_AX/axe_color_metallicRoughness.uexp" 513
"C:/Users/DedPyps/Documents/Unreal Projects/zombie_dead/Content/Weapons_And_Items/Melee_-_AX/MI_Axe.uasset" 514
"C:/Users/DedPyps/Documents/Unreal Projects/zombie_dead/Content/Weapons_And_Items/Melee_-_AX/MI_Axe.uexp" 515
"C:/Users/DedPyps/Documents/Unreal Projects/zombie_dead/Content/Weapons_And_Items/Melee_-_AX/SKM_Ax.uasset" 516
"C:/Users/DedPyps/Documents/Unreal Projects/zombie_dead/Content/Weapons_And_Items/Melee_-_AX/SKM_Ax.uexp" 517
"C:/Users/DedPyps/Documents/Unreal Projects/zombie_dead/Content/Realistic_Starter_VFX_Pack_Vol2/Textures/T_Splash_A.ubulk" 518
"C:/Users/DedPyps/Documents/Unreal Projects/zombie_dead/Content/Realistic_Starter_VFX_Pack_Vol2/Textures/T_Splash_A.uasset" 519
"C:/Users/DedPyps/Documents/Unreal Projects/zombie_dead/Content/Realistic_Starter_VFX_Pack_Vol2/Textures/T_Splash_A.uexp" 520
"C:/Users/DedPyps/Documents/Unreal Projects/zombie_dead/Content/Realistic_Starter_VFX_Pack_Vol2/Materials/M_Blood_C.uasset" 521
"C:/Users/DedPyps/Documents/Unreal Projects/zombie_dead/Content/Realistic_Starter_VFX_Pack_Vol2/Materials/M_Blood_C.uexp" 522
"C:/Users/DedPyps/Documents/Unreal Projects/zombie_dead/Content/Realistic_Starter_VFX_Pack_Vol2/Textures/T_Dirt_C.ubulk" 523
"C:/Users/DedPyps/Documents/Unreal Projects/zombie_dead/Content/Realistic_Starter_VFX_Pack_Vol2/Textures/T_Dirt_C.uasset" 524
"C:/Users/DedPyps/Documents/Unreal Projects/zombie_dead/Content/Realistic_Starter_VFX_Pack_Vol2/Textures/T_Dirt_C.uexp" 525
"../../../Engine/Content/Functions/Engine_MaterialFunctions02/Texturing/CustomRotator.uasset" 526
"../../../Engine/Content/Functions/Engine_MaterialFunctions02/Texturing/CustomRotator.uexp" 527
"C:/Users/DedPyps/Documents/Unreal Projects/zombie_dead/Content/Realistic_Starter_VFX_Pack_Vol2/Materials/M_Dirt_A.uasset" 528
"C:/Users/DedPyps/Documents/Unreal Projects/zombie_dead/Content/Realistic_Starter_VFX_Pack_Vol2/Materials/M_Dirt_A.uexp" 529
"../../../Engine/Content/Functions/Engine_MaterialFunctions01/Density/ExponentialDensity.uasset" 530
"../../../Engine/Content/Functions/Engine_MaterialFunctions01/Density/ExponentialDensity.uexp" 531
"../../../Engine/Content/Functions/Engine_MaterialFunctions01/Gradient/RadialGradientExponential.uasset" 532
"../../../Engine/Content/Functions/Engine_MaterialFunctions01/Gradient/RadialGradientExponential.uexp" 533
"C:/Users/DedPyps/Documents/Unreal Projects/zombie_dead/Content/Realistic_Starter_VFX_Pack_Vol2/Materials/M_Snow.uasset" 534
"C:/Users/DedPyps/Documents/Unreal Projects/zombie_dead/Content/Realistic_Starter_VFX_Pack_Vol2/Materials/M_Snow.uexp" 535
"C:/Users/DedPyps/Documents/Unreal Projects/zombie_dead/Content/Realistic_Starter_VFX_Pack_Vol2/Textures/T_Smoke_B.ubulk" 536
"C:/Users/DedPyps/Documents/Unreal Projects/zombie_dead/Content/Realistic_Starter_VFX_Pack_Vol2/Textures/T_Smoke_B.uasset" 537
"C:/Users/DedPyps/Documents/Unreal Projects/zombie_dead/Content/Realistic_Starter_VFX_Pack_Vol2/Textures/T_Smoke_B.uexp" 538
"C:/Users/DedPyps/Documents/Unreal Projects/zombie_dead/Content/Realistic_Starter_VFX_Pack_Vol2/Materials/M_Smoke_A.uasset" 539
"C:/Users/DedPyps/Documents/Unreal Projects/zombie_dead/Content/Realistic_Starter_VFX_Pack_Vol2/Materials/M_Smoke_A.uexp" 540
"C:/Users/DedPyps/Documents/Unreal Projects/zombie_dead/Content/Realistic_Starter_VFX_Pack_Vol2/Particles/Blood/P_Blood_Splat_Cone.uasset" 541
"C:/Users/DedPyps/Documents/Unreal Projects/zombie_dead/Content/Realistic_Starter_VFX_Pack_Vol2/Particles/Blood/P_Blood_Splat_Cone.uexp" 542
"C:/Users/DedPyps/Documents/Unreal Projects/zombie_dead/Content/Realistic_Starter_VFX_Pack_Vol2/Textures/T_Flare_A.ubulk" 543
"C:/Users/DedPyps/Documents/Unreal Projects/zombie_dead/Content/Realistic_Starter_VFX_Pack_Vol2/Textures/T_Flare_A.uasset" 544
"C:/Users/DedPyps/Documents/Unreal Projects/zombie_dead/Content/Realistic_Starter_VFX_Pack_Vol2/Textures/T_Flare_A.uexp" 545
"C:/Users/DedPyps/Documents/Unreal Projects/zombie_dead/Content/Realistic_Starter_VFX_Pack_Vol2/Textures/T_Spark_B.uasset" 546
"C:/Users/DedPyps/Documents/Unreal Projects/zombie_dead/Content/Realistic_Starter_VFX_Pack_Vol2/Textures/T_Spark_B.uexp" 547
"C:/Users/DedPyps/Documents/Unreal Projects/zombie_dead/Content/Realistic_Starter_VFX_Pack_Vol2/Materials/M_Glow_C.uasset" 548
"C:/Users/DedPyps/Documents/Unreal Projects/zombie_dead/Content/Realistic_Starter_VFX_Pack_Vol2/Materials/M_Glow_C.uexp" 549
"C:/Users/DedPyps/Documents/Unreal Projects/zombie_dead/Content/Realistic_Starter_VFX_Pack_Vol2/Materials/M_Glow_C_Inst.uasset" 550
"C:/Users/DedPyps/Documents/Unreal Projects/zombie_dead/Content/Realistic_Starter_VFX_Pack_Vol2/Materials/M_Glow_C_Inst.uexp" 551
"C:/Users/DedPyps/Documents/Unreal Projects/zombie_dead/Content/Realistic_Starter_VFX_Pack_Vol2/Particles/Sparks/P_Sparks_C.uasset" 552
"C:/Users/DedPyps/Documents/Unreal Projects/zombie_dead/Content/Realistic_Starter_VFX_Pack_Vol2/Particles/Sparks/P_Sparks_C.uexp" 553
"C:/Users/DedPyps/Documents/Unreal Projects/zombie_dead/Content/Weapons_And_Items/Sniper_Rifle_-_AWP/SK_Snipe.uasset" 554
"C:/Users/DedPyps/Documents/Unreal Projects/zombie_dead/Content/Weapons_And_Items/Sniper_Rifle_-_AWP/SK_Snipe.uexp" 555
"C:/Users/DedPyps/Documents/Unreal Projects/zombie_dead/Content/Weapons_And_Items/Sniper_Rifle_-_AWP/awp-shot_C.ubulk" 556
"C:/Users/DedPyps/Documents/Unreal Projects/zombie_dead/Content/Weapons_And_Items/Sniper_Rifle_-_AWP/awp-shot_C.uasset" 557
"C:/Users/DedPyps/Documents/Unreal Projects/zombie_dead/Content/Weapons_And_Items/Sniper_Rifle_-_AWP/awp-shot_C.uexp" 558
"C:/Users/DedPyps/Documents/Unreal Projects/zombie_dead/Content/Weapons_And_Items/Sniper_Rifle_-_AWP/AS_AWP_FIREC.uasset" 559
"C:/Users/DedPyps/Documents/Unreal Projects/zombie_dead/Content/Weapons_And_Items/Sniper_Rifle_-_AWP/AS_AWP_FIREC.uexp" 560
"C:/Users/DedPyps/Documents/Unreal Projects/zombie_dead/Content/Weapons_And_Items/Sniper_Rifle_-_AWP/gun-reloading_C_minor.ubulk" 561
"C:/Users/DedPyps/Documents/Unreal Projects/zombie_dead/Content/Weapons_And_Items/Sniper_Rifle_-_AWP/gun-reloading_C_minor.uasset" 562
"C:/Users/DedPyps/Documents/Unreal Projects/zombie_dead/Content/Weapons_And_Items/Sniper_Rifle_-_AWP/gun-reloading_C_minor.uexp" 563
"C:/Users/DedPyps/Documents/Unreal Projects/zombie_dead/Content/Weapons_And_Items/Sniper_Rifle_-_AWP/AS_AWP_FIREC_Montage.uasset" 564
"C:/Users/DedPyps/Documents/Unreal Projects/zombie_dead/Content/Weapons_And_Items/Sniper_Rifle_-_AWP/AS_AWP_FIREC_Montage.uexp" 565
"C:/Users/DedPyps/Documents/Unreal Projects/zombie_dead/Content/FirstPerson/Input/Actions/IA_Equip_Flaslight.uasset" 566
"C:/Users/DedPyps/Documents/Unreal Projects/zombie_dead/Content/FirstPerson/Input/Actions/IA_Equip_Flaslight.uexp" 567
"C:/Users/DedPyps/Documents/Unreal Projects/zombie_dead/Content/Weapons_And_Items/Sniper_Rifle_-_AWP/weapon_snip_awp_metallicRoughness.ubulk" 568
"C:/Users/DedPyps/Documents/Unreal Projects/zombie_dead/Content/Weapons_And_Items/Sniper_Rifle_-_AWP/weapon_snip_awp_metallicRoughness.uasset" 569
"C:/Users/DedPyps/Documents/Unreal Projects/zombie_dead/Content/Weapons_And_Items/Sniper_Rifle_-_AWP/weapon_snip_awp_metallicRoughness.uexp" 570
"C:/Users/DedPyps/Documents/Unreal Projects/zombie_dead/Content/Weapons_And_Items/Sniper_Rifle_-_AWP/weapon_snip_awp_normal.ubulk" 571
"C:/Users/DedPyps/Documents/Unreal Projects/zombie_dead/Content/Weapons_And_Items/Sniper_Rifle_-_AWP/weapon_snip_awp_normal.uasset" 572
"C:/Users/DedPyps/Documents/Unreal Projects/zombie_dead/Content/Weapons_And_Items/Sniper_Rifle_-_AWP/weapon_snip_awp_normal.uexp" 573
"C:/Users/DedPyps/Documents/Unreal Projects/zombie_dead/Content/Weapons_And_Items/Sniper_Rifle_-_AWP/weapon_snip_awp_baseColor.ubulk" 574
"C:/Users/DedPyps/Documents/Unreal Projects/zombie_dead/Content/Weapons_And_Items/Sniper_Rifle_-_AWP/weapon_snip_awp_baseColor.uasset" 575
"C:/Users/DedPyps/Documents/Unreal Projects/zombie_dead/Content/Weapons_And_Items/Sniper_Rifle_-_AWP/weapon_snip_awp_baseColor.uexp" 576
"C:/Users/DedPyps/Documents/Unreal Projects/zombie_dead/Content/Weapons_And_Items/Sniper_Rifle_-_AWP/MI_AWP.uasset" 577
"C:/Users/DedPyps/Documents/Unreal Projects/zombie_dead/Content/Weapons_And_Items/Sniper_Rifle_-_AWP/MI_AWP.uexp" 578
"C:/Users/DedPyps/Documents/Unreal Projects/zombie_dead/Content/Weapons_And_Items/Sniper_Rifle_-_AWP/SKM_Snipe.uasset" 579
"C:/Users/DedPyps/Documents/Unreal Projects/zombie_dead/Content/Weapons_And_Items/Sniper_Rifle_-_AWP/SKM_Snipe.uexp" 580
"C:/Users/DedPyps/Documents/Unreal Projects/zombie_dead/Content/Weapons_And_Items/Sniper_Rifle_-_AWP/AS_AWP_FIRECH.uasset" 581
"C:/Users/DedPyps/Documents/Unreal Projects/zombie_dead/Content/Weapons_And_Items/Sniper_Rifle_-_AWP/AS_AWP_FIRECH.uexp" 582
"C:/Users/DedPyps/Documents/Unreal Projects/zombie_dead/Content/Weapons_And_Items/Sniper_Rifle_-_AWP/AS_AWP_FIRECH_Montage.uasset" 583
"C:/Users/DedPyps/Documents/Unreal Projects/zombie_dead/Content/Weapons_And_Items/Sniper_Rifle_-_AWP/AS_AWP_FIRECH_Montage.uexp" 584
"C:/Users/DedPyps/Documents/Unreal Projects/zombie_dead/Content/Weapons_And_Items/Pistol_-_USP/weapon_pist_usp_silencer_baseColor.ubulk" 585
"C:/Users/DedPyps/Documents/Unreal Projects/zombie_dead/Content/Weapons_And_Items/Pistol_-_USP/weapon_pist_usp_silencer_baseColor.uasset" 586
"C:/Users/DedPyps/Documents/Unreal Projects/zombie_dead/Content/Weapons_And_Items/Pistol_-_USP/weapon_pist_usp_silencer_baseColor.uexp" 587
"C:/Users/DedPyps/Documents/Unreal Projects/zombie_dead/Content/Weapons_And_Items/Pistol_-_USP/weapon_pist_usp_silencer_normal.ubulk" 588
"C:/Users/DedPyps/Documents/Unreal Projects/zombie_dead/Content/Weapons_And_Items/Pistol_-_USP/weapon_pist_usp_silencer_normal.uasset" 589
"C:/Users/DedPyps/Documents/Unreal Projects/zombie_dead/Content/Weapons_And_Items/Pistol_-_USP/weapon_pist_usp_silencer_normal.uexp" 590
"C:/Users/DedPyps/Documents/Unreal Projects/zombie_dead/Content/Weapons_And_Items/Pistol_-_USP/weapon_pist_usp_silencer_metallicRoughness.ubulk" 591
"C:/Users/DedPyps/Documents/Unreal Projects/zombie_dead/Content/Weapons_And_Items/Pistol_-_USP/weapon_pist_usp_silencer_metallicRoughness.uasset" 592
"C:/Users/DedPyps/Documents/Unreal Projects/zombie_dead/Content/Weapons_And_Items/Pistol_-_USP/weapon_pist_usp_silencer_metallicRoughness.uexp" 593
"C:/Users/DedPyps/Documents/Unreal Projects/zombie_dead/Content/Weapons_And_Items/Pistol_-_USP/MI_USP.uasset" 594
"C:/Users/DedPyps/Documents/Unreal Projects/zombie_dead/Content/Weapons_And_Items/Pistol_-_USP/MI_USP.uexp" 595
"C:/Users/DedPyps/Documents/Unreal Projects/zombie_dead/Content/Weapons_And_Items/Pistol_-_USP/SK_Pistol.uasset" 596
"C:/Users/DedPyps/Documents/Unreal Projects/zombie_dead/Content/Weapons_And_Items/Pistol_-_USP/SK_Pistol.uexp" 597
"C:/Users/DedPyps/Documents/Unreal Projects/zombie_dead/Content/Weapons_And_Items/Pistol_-_USP/SKM_Pistol.uasset" 598
"C:/Users/DedPyps/Documents/Unreal Projects/zombie_dead/Content/Weapons_And_Items/Pistol_-_USP/SKM_Pistol.uexp" 599
"C:/Users/DedPyps/Documents/Unreal Projects/zombie_dead/Content/Realistic_Starter_VFX_Pack_Vol2/Textures/T_Rocks.ubulk" 600
"C:/Users/DedPyps/Documents/Unreal Projects/zombie_dead/Content/Realistic_Starter_VFX_Pack_Vol2/Textures/T_Rocks.uasset" 601
"C:/Users/DedPyps/Documents/Unreal Projects/zombie_dead/Content/Realistic_Starter_VFX_Pack_Vol2/Textures/T_Rocks.uexp" 602
"C:/Users/DedPyps/Documents/Unreal Projects/zombie_dead/Content/Realistic_Starter_VFX_Pack_Vol2/Textures/T_Rocks_NM.uasset" 603
"C:/Users/DedPyps/Documents/Unreal Projects/zombie_dead/Content/Realistic_Starter_VFX_Pack_Vol2/Textures/T_Rocks_NM.uexp" 604
"C:/Users/DedPyps/Documents/Unreal Projects/zombie_dead/Content/Realistic_Starter_VFX_Pack_Vol2/Materials/M_Rock_B.uasset" 605
"C:/Users/DedPyps/Documents/Unreal Projects/zombie_dead/Content/Realistic_Starter_VFX_Pack_Vol2/Materials/M_Rock_B.uexp" 606
"C:/Users/DedPyps/Documents/Unreal Projects/zombie_dead/Content/Realistic_Starter_VFX_Pack_Vol2/Materials/M_Derbis.uasset" 607
"C:/Users/DedPyps/Documents/Unreal Projects/zombie_dead/Content/Realistic_Starter_VFX_Pack_Vol2/Materials/M_Derbis.uexp" 608
"C:/Users/DedPyps/Documents/Unreal Projects/zombie_dead/Content/Realistic_Starter_VFX_Pack_Vol2/Mesh/SM_Derbis_B.ubulk" 609
"C:/Users/DedPyps/Documents/Unreal Projects/zombie_dead/Content/Realistic_Starter_VFX_Pack_Vol2/Mesh/SM_Derbis_B.uasset" 610
"C:/Users/DedPyps/Documents/Unreal Projects/zombie_dead/Content/Realistic_Starter_VFX_Pack_Vol2/Mesh/SM_Derbis_B.uexp" 611
"C:/Users/DedPyps/Documents/Unreal Projects/zombie_dead/Content/Realistic_Starter_VFX_Pack_Vol2/Textures/T_Smoke_Wisp.ubulk" 612
"C:/Users/DedPyps/Documents/Unreal Projects/zombie_dead/Content/Realistic_Starter_VFX_Pack_Vol2/Textures/T_Smoke_Wisp.uasset" 613
"C:/Users/DedPyps/Documents/Unreal Projects/zombie_dead/Content/Realistic_Starter_VFX_Pack_Vol2/Textures/T_Smoke_Wisp.uexp" 614
"C:/Users/DedPyps/Documents/Unreal Projects/zombie_dead/Content/Realistic_Starter_VFX_Pack_Vol2/Materials/M_Smoke_Wisp.uasset" 615
"C:/Users/DedPyps/Documents/Unreal Projects/zombie_dead/Content/Realistic_Starter_VFX_Pack_Vol2/Materials/M_Smoke_Wisp.uexp" 616
"C:/Users/DedPyps/Documents/Unreal Projects/zombie_dead/Content/Realistic_Starter_VFX_Pack_Vol2/Particles/Hit/P_Concrete.uasset" 617
"C:/Users/DedPyps/Documents/Unreal Projects/zombie_dead/Content/Realistic_Starter_VFX_Pack_Vol2/Particles/Hit/P_Concrete.uexp" 618
"C:/Users/DedPyps/Documents/Unreal Projects/zombie_dead/Content/FirstPerson/Input/Actions/IA_Aim.uasset" 619
"C:/Users/DedPyps/Documents/Unreal Projects/zombie_dead/Content/FirstPerson/Input/Actions/IA_Aim.uexp" 620
"C:/Users/DedPyps/Documents/Unreal Projects/zombie_dead/Content/FirstPerson/Input/Actions/IA_Look.uasset" 621
"C:/Users/DedPyps/Documents/Unreal Projects/zombie_dead/Content/FirstPerson/Input/Actions/IA_Look.uexp" 622
"C:/Users/DedPyps/Documents/Unreal Projects/zombie_dead/Content/Weapons_And_Items/HUD/SniperCrossHair.uasset" 623
"C:/Users/DedPyps/Documents/Unreal Projects/zombie_dead/Content/Weapons_And_Items/HUD/SniperCrossHair.uexp" 624
"C:/Users/DedPyps/Documents/Unreal Projects/zombie_dead/Content/Zombies/ZombieSigma/Ch10_1001_Specular.ubulk" 625
"C:/Users/DedPyps/Documents/Unreal Projects/zombie_dead/Content/Zombies/ZombieSigma/Ch10_1001_Specular.uasset" 626
"C:/Users/DedPyps/Documents/Unreal Projects/zombie_dead/Content/Zombies/ZombieSigma/Ch10_1001_Specular.uexp" 627
"C:/Users/DedPyps/Documents/Unreal Projects/zombie_dead/Content/Zombies/ZombieSigma/Ch10_1001_Normal.ubulk" 628
"C:/Users/DedPyps/Documents/Unreal Projects/zombie_dead/Content/Zombies/ZombieSigma/Ch10_1001_Normal.uasset" 629
"C:/Users/DedPyps/Documents/Unreal Projects/zombie_dead/Content/Zombies/ZombieSigma/Ch10_1001_Normal.uexp" 630
"C:/Users/DedPyps/Documents/Unreal Projects/zombie_dead/Content/Zombies/ZombieSigma/Ch10_1001_Diffuse.ubulk" 631
"C:/Users/DedPyps/Documents/Unreal Projects/zombie_dead/Content/Zombies/ZombieSigma/Ch10_1001_Diffuse.uasset" 632
"C:/Users/DedPyps/Documents/Unreal Projects/zombie_dead/Content/Zombies/ZombieSigma/Ch10_1001_Diffuse.uexp" 633
"C:/Users/DedPyps/Documents/Unreal Projects/zombie_dead/Content/Zombies/ZombieSigma/Ch10_1001_Glossiness.ubulk" 634
"C:/Users/DedPyps/Documents/Unreal Projects/zombie_dead/Content/Zombies/ZombieSigma/Ch10_1001_Glossiness.uasset" 635
"C:/Users/DedPyps/Documents/Unreal Projects/zombie_dead/Content/Zombies/ZombieSigma/Ch10_1001_Glossiness.uexp" 636
"C:/Users/DedPyps/Documents/Unreal Projects/zombie_dead/Content/Zombies/ZombieSigma/M_Zombie_1.uasset" 637
"C:/Users/DedPyps/Documents/Unreal Projects/zombie_dead/Content/Zombies/ZombieSigma/M_Zombie_1.uexp" 638
"C:/Users/DedPyps/Documents/Unreal Projects/zombie_dead/Content/Zombies/ZombieSigma/Ch10_1002_Glossiness.ubulk" 639
"C:/Users/DedPyps/Documents/Unreal Projects/zombie_dead/Content/Zombies/ZombieSigma/Ch10_1002_Glossiness.uasset" 640
"C:/Users/DedPyps/Documents/Unreal Projects/zombie_dead/Content/Zombies/ZombieSigma/Ch10_1002_Glossiness.uexp" 641
"C:/Users/DedPyps/Documents/Unreal Projects/zombie_dead/Content/Zombies/ZombieSigma/Ch10_1002_Normal.ubulk" 642
"C:/Users/DedPyps/Documents/Unreal Projects/zombie_dead/Content/Zombies/ZombieSigma/Ch10_1002_Normal.uasset" 643
"C:/Users/DedPyps/Documents/Unreal Projects/zombie_dead/Content/Zombies/ZombieSigma/Ch10_1002_Normal.uexp" 644
"C:/Users/DedPyps/Documents/Unreal Projects/zombie_dead/Content/Zombies/ZombieSigma/Ch10_1002_Diffuse.ubulk" 645
"C:/Users/DedPyps/Documents/Unreal Projects/zombie_dead/Content/Zombies/ZombieSigma/Ch10_1002_Diffuse.uasset" 646
"C:/Users/DedPyps/Documents/Unreal Projects/zombie_dead/Content/Zombies/ZombieSigma/Ch10_1002_Diffuse.uexp" 647
"C:/Users/DedPyps/Documents/Unreal Projects/zombie_dead/Content/Zombies/ZombieSigma/Ch10_1002_Specular.ubulk" 648
"C:/Users/DedPyps/Documents/Unreal Projects/zombie_dead/Content/Zombies/ZombieSigma/Ch10_1002_Specular.uasset" 649
"C:/Users/DedPyps/Documents/Unreal Projects/zombie_dead/Content/Zombies/ZombieSigma/Ch10_1002_Specular.uexp" 650
"C:/Users/DedPyps/Documents/Unreal Projects/zombie_dead/Content/Zombies/ZombieSigma/M_Zombie_2.uasset" 651
"C:/Users/DedPyps/Documents/Unreal Projects/zombie_dead/Content/Zombies/ZombieSigma/M_Zombie_2.uexp" 652
"C:/Users/DedPyps/Documents/Unreal Projects/zombie_dead/Content/Zombies/ZombieSigma/Zombie_Idle_PhysicsAsset.uasset" 653
"C:/Users/DedPyps/Documents/Unreal Projects/zombie_dead/Content/Zombies/ZombieSigma/Zombie_Idle_PhysicsAsset.uexp" 654
"C:/Users/DedPyps/Documents/Unreal Projects/zombie_dead/Content/Zombies/Zombie_Idle_Skeleton.uasset" 655
"C:/Users/DedPyps/Documents/Unreal Projects/zombie_dead/Content/Zombies/Zombie_Idle_Skeleton.uexp" 656
"C:/Users/DedPyps/Documents/Unreal Projects/zombie_dead/Content/Zombies/ZombieSigma/SK_Zombie.uasset" 657
"C:/Users/DedPyps/Documents/Unreal Projects/zombie_dead/Content/Zombies/ZombieSigma/SK_Zombie.uexp" 658
"C:/Users/DedPyps/Documents/Unreal Projects/zombie_dead/Content/Zombies/AS_Zombie_Attack.uasset" 659
"C:/Users/DedPyps/Documents/Unreal Projects/zombie_dead/Content/Zombies/AS_Zombie_Attack.uexp" 660
"C:/Users/DedPyps/Documents/Unreal Projects/zombie_dead/Content/Zombies/AS_Zombie_Attack_Montage.uasset" 661
"C:/Users/DedPyps/Documents/Unreal Projects/zombie_dead/Content/Zombies/AS_Zombie_Attack_Montage.uexp" 662
"C:/Users/DedPyps/Documents/Unreal Projects/zombie_dead/Content/Zombies/PHM_Flesh.uasset" 663
"C:/Users/DedPyps/Documents/Unreal Projects/zombie_dead/Content/Zombies/PHM_Flesh.uexp" 664
"C:/Users/DedPyps/Documents/Unreal Projects/zombie_dead/Content/Zombies/ZombieParasite/parasiteZombie_specular.ubulk" 665
"C:/Users/DedPyps/Documents/Unreal Projects/zombie_dead/Content/Zombies/ZombieParasite/parasiteZombie_specular.uasset" 666
"C:/Users/DedPyps/Documents/Unreal Projects/zombie_dead/Content/Zombies/ZombieParasite/parasiteZombie_specular.uexp" 667
"C:/Users/DedPyps/Documents/Unreal Projects/zombie_dead/Content/Zombies/ZombieParasite/parasiteZombie_body_diffuse.ubulk" 668
"C:/Users/DedPyps/Documents/Unreal Projects/zombie_dead/Content/Zombies/ZombieParasite/parasiteZombie_body_diffuse.uasset" 669
"C:/Users/DedPyps/Documents/Unreal Projects/zombie_dead/Content/Zombies/ZombieParasite/parasiteZombie_body_diffuse.uexp" 670
"C:/Users/DedPyps/Documents/Unreal Projects/zombie_dead/Content/Zombies/ZombieParasite/parasiteZombie_diffuse.ubulk" 671
"C:/Users/DedPyps/Documents/Unreal Projects/zombie_dead/Content/Zombies/ZombieParasite/parasiteZombie_diffuse.uasset" 672
"C:/Users/DedPyps/Documents/Unreal Projects/zombie_dead/Content/Zombies/ZombieParasite/parasiteZombie_diffuse.uexp" 673
"C:/Users/DedPyps/Documents/Unreal Projects/zombie_dead/Content/Zombies/ZombieParasite/parasiteZombie_normal.ubulk" 674
"C:/Users/DedPyps/Documents/Unreal Projects/zombie_dead/Content/Zombies/ZombieParasite/parasiteZombie_normal.uasset" 675
"C:/Users/DedPyps/Documents/Unreal Projects/zombie_dead/Content/Zombies/ZombieParasite/parasiteZombie_normal.uexp" 676
"C:/Users/DedPyps/Documents/Unreal Projects/zombie_dead/Content/Zombies/ZombieParasite/M_Parasite.uasset" 677
"C:/Users/DedPyps/Documents/Unreal Projects/zombie_dead/Content/Zombies/ZombieParasite/M_Parasite.uexp" 678
"C:/Users/DedPyps/Documents/Unreal Projects/zombie_dead/Content/Zombies/ZombieParasite/Parasite_L_Starkie_PhysicsAsset.uasset" 679
"C:/Users/DedPyps/Documents/Unreal Projects/zombie_dead/Content/Zombies/ZombieParasite/Parasite_L_Starkie_PhysicsAsset.uexp" 680
"C:/Users/DedPyps/Documents/Unreal Projects/zombie_dead/Content/Zombies/ZombieParasite/M_ParasiteP.uasset" 681
"C:/Users/DedPyps/Documents/Unreal Projects/zombie_dead/Content/Zombies/ZombieParasite/M_ParasiteP.uexp" 682
"C:/Users/DedPyps/Documents/Unreal Projects/zombie_dead/Content/Zombies/ZombieParasite/Parasite_L_Starkie.uasset" 683
"C:/Users/DedPyps/Documents/Unreal Projects/zombie_dead/Content/Zombies/ZombieParasite/Parasite_L_Starkie.uexp" 684
"C:/Users/DedPyps/Documents/Unreal Projects/zombie_dead/Content/Zombies/SA_ZombieMoaning.uasset" 685
"C:/Users/DedPyps/Documents/Unreal Projects/zombie_dead/Content/Zombies/SA_ZombieMoaning.uexp" 686
"C:/Users/DedPyps/Documents/Unreal Projects/zombie_dead/Content/Zombies/zombie-throat-filled-with-liquid.ubulk" 687
"C:/Users/DedPyps/Documents/Unreal Projects/zombie_dead/Content/Zombies/zombie-throat-filled-with-liquid.uasset" 688
"C:/Users/DedPyps/Documents/Unreal Projects/zombie_dead/Content/Zombies/zombie-throat-filled-with-liquid.uexp" 689
"C:/Users/DedPyps/Documents/Unreal Projects/zombie_dead/Content/Zombies/AS_Zombie_Idle.uasset" 690
"C:/Users/DedPyps/Documents/Unreal Projects/zombie_dead/Content/Zombies/AS_Zombie_Idle.uexp" 691
"C:/Users/DedPyps/Documents/Unreal Projects/zombie_dead/Content/Zombies/AS_Zombie_Running.uasset" 692
"C:/Users/DedPyps/Documents/Unreal Projects/zombie_dead/Content/Zombies/AS_Zombie_Running.uexp" 693
"C:/Users/DedPyps/Documents/Unreal Projects/zombie_dead/Content/Zombies/ABP_Zombie.uasset" 694
"C:/Users/DedPyps/Documents/Unreal Projects/zombie_dead/Content/Zombies/ABP_Zombie.uexp" 695
"C:/Users/DedPyps/Documents/Unreal Projects/zombie_dead/Content/Zombies/ZombieGirl/Zombiegirl_W_Kurniawan_PhysicsAsset.uasset" 696
"C:/Users/DedPyps/Documents/Unreal Projects/zombie_dead/Content/Zombies/ZombieGirl/Zombiegirl_W_Kurniawan_PhysicsAsset.uexp" 697
"C:/Users/DedPyps/Documents/Unreal Projects/zombie_dead/Content/Zombies/ZombieGirl/zombie_normal.ubulk" 698
"C:/Users/DedPyps/Documents/Unreal Projects/zombie_dead/Content/Zombies/ZombieGirl/zombie_normal.uasset" 699
"C:/Users/DedPyps/Documents/Unreal Projects/zombie_dead/Content/Zombies/ZombieGirl/zombie_normal.uexp" 700
"C:/Users/DedPyps/Documents/Unreal Projects/zombie_dead/Content/Zombies/ZombieGirl/zombie_diffuse.ubulk" 701
"C:/Users/DedPyps/Documents/Unreal Projects/zombie_dead/Content/Zombies/ZombieGirl/zombie_diffuse.uasset" 702
"C:/Users/DedPyps/Documents/Unreal Projects/zombie_dead/Content/Zombies/ZombieGirl/zombie_diffuse.uexp" 703
"C:/Users/DedPyps/Documents/Unreal Projects/zombie_dead/Content/Zombies/ZombieGirl/zombie_specular.ubulk" 704
"C:/Users/DedPyps/Documents/Unreal Projects/zombie_dead/Content/Zombies/ZombieGirl/zombie_specular.uasset" 705
"C:/Users/DedPyps/Documents/Unreal Projects/zombie_dead/Content/Zombies/ZombieGirl/zombie_specular.uexp" 706
"C:/Users/DedPyps/Documents/Unreal Projects/zombie_dead/Content/Zombies/ZombieGirl/M_ZombieGirl.uasset" 707
"C:/Users/DedPyps/Documents/Unreal Projects/zombie_dead/Content/Zombies/ZombieGirl/M_ZombieGirl.uexp" 708
"C:/Users/DedPyps/Documents/Unreal Projects/zombie_dead/Content/Zombies/ZombieGirl/Zombiegirl_W_Kurniawan.uasset" 709
"C:/Users/DedPyps/Documents/Unreal Projects/zombie_dead/Content/Zombies/ZombieGirl/Zombiegirl_W_Kurniawan.uexp" 710
"C:/Users/DedPyps/Documents/Unreal Projects/zombie_dead/Content/Zombies/ZombieStrong/Ch30_1002_Specular.ubulk" 711
"C:/Users/DedPyps/Documents/Unreal Projects/zombie_dead/Content/Zombies/ZombieStrong/Ch30_1002_Specular.uasset" 712
"C:/Users/DedPyps/Documents/Unreal Projects/zombie_dead/Content/Zombies/ZombieStrong/Ch30_1002_Specular.uexp" 713
"C:/Users/DedPyps/Documents/Unreal Projects/zombie_dead/Content/Zombies/ZombieStrong/Ch30_1002_Glossiness.ubulk" 714
"C:/Users/DedPyps/Documents/Unreal Projects/zombie_dead/Content/Zombies/ZombieStrong/Ch30_1002_Glossiness.uasset" 715
"C:/Users/DedPyps/Documents/Unreal Projects/zombie_dead/Content/Zombies/ZombieStrong/Ch30_1002_Glossiness.uexp" 716
"C:/Users/DedPyps/Documents/Unreal Projects/zombie_dead/Content/Zombies/ZombieStrong/Ch30_1002_Normal.ubulk" 717
"C:/Users/DedPyps/Documents/Unreal Projects/zombie_dead/Content/Zombies/ZombieStrong/Ch30_1002_Normal.uasset" 718
"C:/Users/DedPyps/Documents/Unreal Projects/zombie_dead/Content/Zombies/ZombieStrong/Ch30_1002_Normal.uexp" 719
"C:/Users/DedPyps/Documents/Unreal Projects/zombie_dead/Content/Zombies/ZombieStrong/Ch30_1002_Diffuse.ubulk" 720
"C:/Users/DedPyps/Documents/Unreal Projects/zombie_dead/Content/Zombies/ZombieStrong/Ch30_1002_Diffuse.uasset" 721
"C:/Users/DedPyps/Documents/Unreal Projects/zombie_dead/Content/Zombies/ZombieStrong/Ch30_1002_Diffuse.uexp" 722
"C:/Users/DedPyps/Documents/Unreal Projects/zombie_dead/Content/Zombies/ZombieStrong/M_ZombiAStrongL.uasset" 723
"C:/Users/DedPyps/Documents/Unreal Projects/zombie_dead/Content/Zombies/ZombieStrong/M_ZombiAStrongL.uexp" 724
"C:/Users/DedPyps/Documents/Unreal Projects/zombie_dead/Content/Zombies/ZombieStrong/Ch30_nonPBR_PhysicsAsset.uasset" 725
"C:/Users/DedPyps/Documents/Unreal Projects/zombie_dead/Content/Zombies/ZombieStrong/Ch30_nonPBR_PhysicsAsset.uexp" 726
"C:/Users/DedPyps/Documents/Unreal Projects/zombie_dead/Content/Zombies/ZombieStrong/Ch30_1001_Normal.ubulk" 727
"C:/Users/DedPyps/Documents/Unreal Projects/zombie_dead/Content/Zombies/ZombieStrong/Ch30_1001_Normal.uasset" 728
"C:/Users/DedPyps/Documents/Unreal Projects/zombie_dead/Content/Zombies/ZombieStrong/Ch30_1001_Normal.uexp" 729
"C:/Users/DedPyps/Documents/Unreal Projects/zombie_dead/Content/Zombies/ZombieStrong/Ch30_1001_Specular.ubulk" 730
"C:/Users/DedPyps/Documents/Unreal Projects/zombie_dead/Content/Zombies/ZombieStrong/Ch30_1001_Specular.uasset" 731
"C:/Users/DedPyps/Documents/Unreal Projects/zombie_dead/Content/Zombies/ZombieStrong/Ch30_1001_Specular.uexp" 732
"C:/Users/DedPyps/Documents/Unreal Projects/zombie_dead/Content/Zombies/ZombieStrong/Ch30_1001_Glossiness.ubulk" 733
"C:/Users/DedPyps/Documents/Unreal Projects/zombie_dead/Content/Zombies/ZombieStrong/Ch30_1001_Glossiness.uasset" 734
"C:/Users/DedPyps/Documents/Unreal Projects/zombie_dead/Content/Zombies/ZombieStrong/Ch30_1001_Glossiness.uexp" 735
"C:/Users/DedPyps/Documents/Unreal Projects/zombie_dead/Content/Zombies/ZombieStrong/Ch30_1001_Diffuse.ubulk" 736
"C:/Users/DedPyps/Documents/Unreal Projects/zombie_dead/Content/Zombies/ZombieStrong/Ch30_1001_Diffuse.uasset" 737
"C:/Users/DedPyps/Documents/Unreal Projects/zombie_dead/Content/Zombies/ZombieStrong/Ch30_1001_Diffuse.uexp" 738
"C:/Users/DedPyps/Documents/Unreal Projects/zombie_dead/Content/Zombies/ZombieStrong/M_ZombieStrong.uasset" 739
"C:/Users/DedPyps/Documents/Unreal Projects/zombie_dead/Content/Zombies/ZombieStrong/M_ZombieStrong.uexp" 740
"C:/Users/DedPyps/Documents/Unreal Projects/zombie_dead/Content/Zombies/ZombieStrong/Ch30_nonPBR.uasset" 741
"C:/Users/DedPyps/Documents/Unreal Projects/zombie_dead/Content/Zombies/ZombieStrong/Ch30_nonPBR.uexp" 742
"C:/Users/DedPyps/Documents/Unreal Projects/zombie_dead/Content/Zombies/ZombieSurvivar/Survivor_diffuse.ubulk" 743
"C:/Users/DedPyps/Documents/Unreal Projects/zombie_dead/Content/Zombies/ZombieSurvivar/Survivor_diffuse.uasset" 744
"C:/Users/DedPyps/Documents/Unreal Projects/zombie_dead/Content/Zombies/ZombieSurvivar/Survivor_diffuse.uexp" 745
"C:/Users/DedPyps/Documents/Unreal Projects/zombie_dead/Content/Zombies/ZombieSurvivar/Survivor_specular.ubulk" 746
"C:/Users/DedPyps/Documents/Unreal Projects/zombie_dead/Content/Zombies/ZombieSurvivar/Survivor_specular.uasset" 747
"C:/Users/DedPyps/Documents/Unreal Projects/zombie_dead/Content/Zombies/ZombieSurvivar/Survivor_specular.uexp" 748
"C:/Users/DedPyps/Documents/Unreal Projects/zombie_dead/Content/Zombies/ZombieSurvivar/Survivor_body_diffuse.ubulk" 749
"C:/Users/DedPyps/Documents/Unreal Projects/zombie_dead/Content/Zombies/ZombieSurvivar/Survivor_body_diffuse.uasset" 750
"C:/Users/DedPyps/Documents/Unreal Projects/zombie_dead/Content/Zombies/ZombieSurvivar/Survivor_body_diffuse.uexp" 751
"C:/Users/DedPyps/Documents/Unreal Projects/zombie_dead/Content/Zombies/ZombieSurvivar/Survivor_normal.ubulk" 752
"C:/Users/DedPyps/Documents/Unreal Projects/zombie_dead/Content/Zombies/ZombieSurvivar/Survivor_normal.uasset" 753
"C:/Users/DedPyps/Documents/Unreal Projects/zombie_dead/Content/Zombies/ZombieSurvivar/Survivor_normal.uexp" 754
"C:/Users/DedPyps/Documents/Unreal Projects/zombie_dead/Content/Zombies/ZombieSurvivar/ZombieSurvivar.uasset" 755
"C:/Users/DedPyps/Documents/Unreal Projects/zombie_dead/Content/Zombies/ZombieSurvivar/ZombieSurvivar.uexp" 756
"C:/Users/DedPyps/Documents/Unreal Projects/zombie_dead/Content/Zombies/ZombieSurvivar/ZombieSurvivarL.uasset" 757
"C:/Users/DedPyps/Documents/Unreal Projects/zombie_dead/Content/Zombies/ZombieSurvivar/ZombieSurvivarL.uexp" 758
"C:/Users/DedPyps/Documents/Unreal Projects/zombie_dead/Content/Zombies/ZombieSurvivar/Survivor_A_Lusth_PhysicsAsset.uasset" 759
"C:/Users/DedPyps/Documents/Unreal Projects/zombie_dead/Content/Zombies/ZombieSurvivar/Survivor_A_Lusth_PhysicsAsset.uexp" 760
"C:/Users/DedPyps/Documents/Unreal Projects/zombie_dead/Content/Zombies/ZombieSurvivar/Survivor_A_Lusth.uasset" 761
"C:/Users/DedPyps/Documents/Unreal Projects/zombie_dead/Content/Zombies/ZombieSurvivar/Survivor_A_Lusth.uexp" 762
"C:/Users/DedPyps/Documents/Unreal Projects/zombie_dead/Content/Zombies/BP_Zombie.uasset" 763
"C:/Users/DedPyps/Documents/Unreal Projects/zombie_dead/Content/Zombies/BP_Zombie.uexp" 764
"C:/Users/DedPyps/Documents/Unreal Projects/zombie_dead/Content/FirstPerson/Blueprints/Bp_ZombieGameMod.uasset" 765
"C:/Users/DedPyps/Documents/Unreal Projects/zombie_dead/Content/FirstPerson/Blueprints/Bp_ZombieGameMod.uexp" 766
"C:/Users/DedPyps/Documents/Unreal Projects/zombie_dead/Content/Weapons_And_Items/HUD/DamageScreen.uasset" 767
"C:/Users/DedPyps/Documents/Unreal Projects/zombie_dead/Content/Weapons_And_Items/HUD/DamageScreen.uexp" 768
"C:/Users/DedPyps/Documents/Unreal Projects/zombie_dead/Content/UI/WG_HUD.uasset" 769
"C:/Users/DedPyps/Documents/Unreal Projects/zombie_dead/Content/UI/WG_HUD.uexp" 770
"C:/Users/DedPyps/Documents/Unreal Projects/zombie_dead/Content/Weapons_And_Items/Sniper_Rifle_-_AWP/AS_AWP_RELOADCH.uasset" 771
"C:/Users/DedPyps/Documents/Unreal Projects/zombie_dead/Content/Weapons_And_Items/Sniper_Rifle_-_AWP/AS_AWP_RELOADCH.uexp" 772
"C:/Users/DedPyps/Documents/Unreal Projects/zombie_dead/Content/Weapons_And_Items/Sniper_Rifle_-_AWP/AS_AWP_RELOADCH_Montage.uasset" 773
"C:/Users/DedPyps/Documents/Unreal Projects/zombie_dead/Content/Weapons_And_Items/Sniper_Rifle_-_AWP/AS_AWP_RELOADCH_Montage.uexp" 774
"C:/Users/DedPyps/Documents/Unreal Projects/zombie_dead/Content/Weapons_And_Items/Pistol_-_USP/AS_USP_RELOADCH.uasset" 775
"C:/Users/DedPyps/Documents/Unreal Projects/zombie_dead/Content/Weapons_And_Items/Pistol_-_USP/AS_USP_RELOADCH.uexp" 776
"C:/Users/DedPyps/Documents/Unreal Projects/zombie_dead/Content/Weapons_And_Items/Pistol_-_USP/AS_USP_RELOADCH_Montage.uasset" 777
"C:/Users/DedPyps/Documents/Unreal Projects/zombie_dead/Content/Weapons_And_Items/Pistol_-_USP/AS_USP_RELOADCH_Montage.uexp" 778
"C:/Users/DedPyps/Documents/Unreal Projects/zombie_dead/Content/Weapons_And_Items/Bomb_-_C4/AS_BOMB_IDLE.uasset" 779
"C:/Users/DedPyps/Documents/Unreal Projects/zombie_dead/Content/Weapons_And_Items/Bomb_-_C4/AS_BOMB_IDLE.uexp" 780
"C:/Users/DedPyps/Documents/Unreal Projects/zombie_dead/Content/Weapons_And_Items/Pistol_-_USP/AS_USP_IDLE.uasset" 781
"C:/Users/DedPyps/Documents/Unreal Projects/zombie_dead/Content/Weapons_And_Items/Pistol_-_USP/AS_USP_IDLE.uexp" 782
"C:/Users/DedPyps/Documents/Unreal Projects/zombie_dead/Content/Weapons_And_Items/Melee_-_AX/AS_AXE_IDLE.uasset" 783
"C:/Users/DedPyps/Documents/Unreal Projects/zombie_dead/Content/Weapons_And_Items/Melee_-_AX/AS_AXE_IDLE.uexp" 784
"C:/Users/DedPyps/Documents/Unreal Projects/zombie_dead/Content/Weapons_And_Items/Sniper_Rifle_-_AWP/AS_AWP_IDLE.uasset" 785
"C:/Users/DedPyps/Documents/Unreal Projects/zombie_dead/Content/Weapons_And_Items/Sniper_Rifle_-_AWP/AS_AWP_IDLE.uexp" 786
"C:/Users/DedPyps/Documents/Unreal Projects/zombie_dead/Content/Survival_Character/EN_Weapons.uasset" 787
"C:/Users/DedPyps/Documents/Unreal Projects/zombie_dead/Content/Survival_Character/EN_Weapons.uexp" 788
"C:/Users/DedPyps/Documents/Unreal Projects/zombie_dead/Content/Weapons_And_Items/Rifle_-_AK47/AS_AK47_IDLE.uasset" 789
"C:/Users/DedPyps/Documents/Unreal Projects/zombie_dead/Content/Weapons_And_Items/Rifle_-_AK47/AS_AK47_IDLE.uexp" 790
"C:/Users/DedPyps/Documents/Unreal Projects/zombie_dead/Content/Survival_Character/AS_IDLE_SC.uasset" 791
"C:/Users/DedPyps/Documents/Unreal Projects/zombie_dead/Content/Survival_Character/AS_IDLE_SC.uexp" 792
"C:/Users/DedPyps/Documents/Unreal Projects/zombie_dead/Content/FirstPerson/Blueprints/ABP_SurviverCharacter.uasset" 793
"C:/Users/DedPyps/Documents/Unreal Projects/zombie_dead/Content/FirstPerson/Blueprints/ABP_SurviverCharacter.uexp" 794
"C:/Users/DedPyps/Documents/Unreal Projects/zombie_dead/Content/Weapons_And_Items/Sniper_Rifle_-_AWP/mag-in-82094.ubulk" 795
"C:/Users/DedPyps/Documents/Unreal Projects/zombie_dead/Content/Weapons_And_Items/Sniper_Rifle_-_AWP/mag-in-82094.uasset" 796
"C:/Users/DedPyps/Documents/Unreal Projects/zombie_dead/Content/Weapons_And_Items/Sniper_Rifle_-_AWP/mag-in-82094.uexp" 797
"C:/Users/DedPyps/Documents/Unreal Projects/zombie_dead/Content/Weapons_And_Items/Sniper_Rifle_-_AWP/AS_AWP_RELOAD.uasset" 798
"C:/Users/DedPyps/Documents/Unreal Projects/zombie_dead/Content/Weapons_And_Items/Sniper_Rifle_-_AWP/AS_AWP_RELOAD.uexp" 799
"C:/Users/DedPyps/Documents/Unreal Projects/zombie_dead/Content/Weapons_And_Items/Sniper_Rifle_-_AWP/AS_AWP_RELOAD_Montage.uasset" 800
"C:/Users/DedPyps/Documents/Unreal Projects/zombie_dead/Content/Weapons_And_Items/Sniper_Rifle_-_AWP/AS_AWP_RELOAD_Montage.uexp" 801
"C:/Users/DedPyps/Documents/Unreal Projects/zombie_dead/Content/Weapons_And_Items/Bomb_-_C4/AS_BOMB_EQUIP.uasset" 802
"C:/Users/DedPyps/Documents/Unreal Projects/zombie_dead/Content/Weapons_And_Items/Bomb_-_C4/AS_BOMB_EQUIP.uexp" 803
"C:/Users/DedPyps/Documents/Unreal Projects/zombie_dead/Content/Weapons_And_Items/Bomb_-_C4/AS_BOMB_EQUIP_Montage.uasset" 804
"C:/Users/DedPyps/Documents/Unreal Projects/zombie_dead/Content/Weapons_And_Items/Bomb_-_C4/AS_BOMB_EQUIP_Montage.uexp" 805
"C:/Users/DedPyps/Documents/Unreal Projects/zombie_dead/Content/FirstPerson/Input/Actions/IA_Equip_Bomb.uasset" 806
"C:/Users/DedPyps/Documents/Unreal Projects/zombie_dead/Content/FirstPerson/Input/Actions/IA_Equip_Bomb.uexp" 807
"C:/Users/DedPyps/Documents/Unreal Projects/zombie_dead/Content/Weapons_And_Items/Rifle_-_AK47/AS_AK47_FIRE2.uasset" 808
"C:/Users/DedPyps/Documents/Unreal Projects/zombie_dead/Content/Weapons_And_Items/Rifle_-_AK47/AS_AK47_FIRE2.uexp" 809
"C:/Users/DedPyps/Documents/Unreal Projects/zombie_dead/Content/Weapons_And_Items/Rifle_-_AK47/AS_AK47_FIRE2_Montage.uasset" 810
"C:/Users/DedPyps/Documents/Unreal Projects/zombie_dead/Content/Weapons_And_Items/Rifle_-_AK47/AS_AK47_FIRE2_Montage.uexp" 811
"C:/Users/DedPyps/Documents/Unreal Projects/zombie_dead/Content/Weapons_And_Items/Pistol_-_USP/AS_USP_FIRE.uasset" 812
"C:/Users/DedPyps/Documents/Unreal Projects/zombie_dead/Content/Weapons_And_Items/Pistol_-_USP/AS_USP_FIRE.uexp" 813
"C:/Users/DedPyps/Documents/Unreal Projects/zombie_dead/Content/Weapons_And_Items/Pistol_-_USP/AS_USP_FIRE_Montage.uasset" 814
"C:/Users/DedPyps/Documents/Unreal Projects/zombie_dead/Content/Weapons_And_Items/Pistol_-_USP/AS_USP_FIRE_Montage.uexp" 815
"C:/Users/DedPyps/Documents/Unreal Projects/zombie_dead/Content/Weapons_And_Items/Pistol_-_USP/pistol-shot.ubulk" 816
"C:/Users/DedPyps/Documents/Unreal Projects/zombie_dead/Content/Weapons_And_Items/Pistol_-_USP/pistol-shot.uasset" 817
"C:/Users/DedPyps/Documents/Unreal Projects/zombie_dead/Content/Weapons_And_Items/Pistol_-_USP/pistol-shot.uexp" 818
"C:/Users/DedPyps/Documents/Unreal Projects/zombie_dead/Content/Weapons_And_Items/Pistol_-_USP/AS_USP_FIRE2.uasset" 819
"C:/Users/DedPyps/Documents/Unreal Projects/zombie_dead/Content/Weapons_And_Items/Pistol_-_USP/AS_USP_FIRE2.uexp" 820
"C:/Users/DedPyps/Documents/Unreal Projects/zombie_dead/Content/Weapons_And_Items/Pistol_-_USP/AS_USP_FIRE2_Montage.uasset" 821
"C:/Users/DedPyps/Documents/Unreal Projects/zombie_dead/Content/Weapons_And_Items/Pistol_-_USP/AS_USP_FIRE2_Montage.uexp" 822
"C:/Users/DedPyps/Documents/Unreal Projects/zombie_dead/Content/FirstPerson/Input/Actions/IA_Equip_AK47.uasset" 823
"C:/Users/DedPyps/Documents/Unreal Projects/zombie_dead/Content/FirstPerson/Input/Actions/IA_Equip_AK47.uexp" 824
"C:/Users/DedPyps/Documents/Unreal Projects/zombie_dead/Content/Weapons_And_Items/Rifle_-_AK47/AS_AK47_FIRE.uasset" 825
"C:/Users/DedPyps/Documents/Unreal Projects/zombie_dead/Content/Weapons_And_Items/Rifle_-_AK47/AS_AK47_FIRE.uexp" 826
"C:/Users/DedPyps/Documents/Unreal Projects/zombie_dead/Content/Weapons_And_Items/Rifle_-_AK47/Ak47_Shot_1.ubulk" 827
"C:/Users/DedPyps/Documents/Unreal Projects/zombie_dead/Content/Weapons_And_Items/Rifle_-_AK47/Ak47_Shot_1.uasset" 828
"C:/Users/DedPyps/Documents/Unreal Projects/zombie_dead/Content/Weapons_And_Items/Rifle_-_AK47/Ak47_Shot_1.uexp" 829
"C:/Users/DedPyps/Documents/Unreal Projects/zombie_dead/Content/Weapons_And_Items/Rifle_-_AK47/AS_AK47_FIRE_Montage.uasset" 830
"C:/Users/DedPyps/Documents/Unreal Projects/zombie_dead/Content/Weapons_And_Items/Rifle_-_AK47/AS_AK47_FIRE_Montage.uexp" 831
"C:/Users/DedPyps/Documents/Unreal Projects/zombie_dead/Content/Weapons_And_Items/Pistol_-_USP/Click.ubulk" 832
"C:/Users/DedPyps/Documents/Unreal Projects/zombie_dead/Content/Weapons_And_Items/Pistol_-_USP/Click.uasset" 833
"C:/Users/DedPyps/Documents/Unreal Projects/zombie_dead/Content/Weapons_And_Items/Pistol_-_USP/Click.uexp" 834
"C:/Users/DedPyps/Documents/Unreal Projects/zombie_dead/Content/FirstPerson/Input/Actions/IA_Move.uasset" 835
"C:/Users/DedPyps/Documents/Unreal Projects/zombie_dead/Content/FirstPerson/Input/Actions/IA_Move.uexp" 836
"C:/Users/DedPyps/Documents/Unreal Projects/zombie_dead/Content/FirstPerson/Input/Actions/IA_Reload.uasset" 837
"C:/Users/DedPyps/Documents/Unreal Projects/zombie_dead/Content/FirstPerson/Input/Actions/IA_Reload.uexp" 838
"C:/Users/DedPyps/Documents/Unreal Projects/zombie_dead/Content/Weapons_And_Items/Rifle_-_AK47/weapon_rif_ak47_baseColor.ubulk" 839
"C:/Users/DedPyps/Documents/Unreal Projects/zombie_dead/Content/Weapons_And_Items/Rifle_-_AK47/weapon_rif_ak47_baseColor.uasset" 840
"C:/Users/DedPyps/Documents/Unreal Projects/zombie_dead/Content/Weapons_And_Items/Rifle_-_AK47/weapon_rif_ak47_baseColor.uexp" 841
"C:/Users/DedPyps/Documents/Unreal Projects/zombie_dead/Content/Weapons_And_Items/Rifle_-_AK47/weapon_rif_ak47_metallicRoughness.ubulk" 842
"C:/Users/DedPyps/Documents/Unreal Projects/zombie_dead/Content/Weapons_And_Items/Rifle_-_AK47/weapon_rif_ak47_metallicRoughness.uasset" 843
"C:/Users/DedPyps/Documents/Unreal Projects/zombie_dead/Content/Weapons_And_Items/Rifle_-_AK47/weapon_rif_ak47_metallicRoughness.uexp" 844
"C:/Users/DedPyps/Documents/Unreal Projects/zombie_dead/Content/Weapons_And_Items/Rifle_-_AK47/weapon_rif_ak47_normal.ubulk" 845
"C:/Users/DedPyps/Documents/Unreal Projects/zombie_dead/Content/Weapons_And_Items/Rifle_-_AK47/weapon_rif_ak47_normal.uasset" 846
"C:/Users/DedPyps/Documents/Unreal Projects/zombie_dead/Content/Weapons_And_Items/Rifle_-_AK47/weapon_rif_ak47_normal.uexp" 847
"C:/Users/DedPyps/Documents/Unreal Projects/zombie_dead/Content/Weapons_And_Items/Rifle_-_AK47/MI_AK47.uasset" 848
"C:/Users/DedPyps/Documents/Unreal Projects/zombie_dead/Content/Weapons_And_Items/Rifle_-_AK47/MI_AK47.uexp" 849
"C:/Users/DedPyps/Documents/Unreal Projects/zombie_dead/Content/Weapons_And_Items/Rifle_-_AK47/SKM_Ak47.uasset" 850
"C:/Users/DedPyps/Documents/Unreal Projects/zombie_dead/Content/Weapons_And_Items/Rifle_-_AK47/SKM_Ak47.uexp" 851
"C:/Users/DedPyps/Documents/Unreal Projects/zombie_dead/Content/FirstPerson/Input/Actions/IA_Equip_FirstAid.uasset" 852
"C:/Users/DedPyps/Documents/Unreal Projects/zombie_dead/Content/FirstPerson/Input/Actions/IA_Equip_FirstAid.uexp" 853
"C:/Users/DedPyps/Documents/Unreal Projects/zombie_dead/Content/Weapons_And_Items/Melee_-_AX/AS_AXE_EQUIP.uasset" 854
"C:/Users/DedPyps/Documents/Unreal Projects/zombie_dead/Content/Weapons_And_Items/Melee_-_AX/AS_AXE_EQUIP.uexp" 855
"C:/Users/DedPyps/Documents/Unreal Projects/zombie_dead/Content/Weapons_And_Items/Melee_-_AX/AS_AXE_EQUIP_Montage.uasset" 856
"C:/Users/DedPyps/Documents/Unreal Projects/zombie_dead/Content/Weapons_And_Items/Melee_-_AX/AS_AXE_EQUIP_Montage.uexp" 857
"C:/Users/DedPyps/Documents/Unreal Projects/zombie_dead/Content/StarterContent/Textures/T_Smoke_SubUV.ubulk" 858
"C:/Users/DedPyps/Documents/Unreal Projects/zombie_dead/Content/StarterContent/Textures/T_Smoke_SubUV.uasset" 859
"C:/Users/DedPyps/Documents/Unreal Projects/zombie_dead/Content/StarterContent/Textures/T_Smoke_SubUV.uexp" 860
"C:/Users/DedPyps/Documents/Unreal Projects/zombie_dead/Content/StarterContent/Textures/T_Smoke_Tiled_D.ubulk" 861
"C:/Users/DedPyps/Documents/Unreal Projects/zombie_dead/Content/StarterContent/Textures/T_Smoke_Tiled_D.uasset" 862
"C:/Users/DedPyps/Documents/Unreal Projects/zombie_dead/Content/StarterContent/Textures/T_Smoke_Tiled_D.uexp" 863
"C:/Users/DedPyps/Documents/Unreal Projects/zombie_dead/Content/StarterContent/Particles/Materials/M_smoke_subUV.uasset" 864
"C:/Users/DedPyps/Documents/Unreal Projects/zombie_dead/Content/StarterContent/Particles/Materials/M_smoke_subUV.uexp" 865
"C:/Users/DedPyps/Documents/Unreal Projects/zombie_dead/Content/StarterContent/Textures/T_Burst_M.ubulk" 866
"C:/Users/DedPyps/Documents/Unreal Projects/zombie_dead/Content/StarterContent/Textures/T_Burst_M.uasset" 867
"C:/Users/DedPyps/Documents/Unreal Projects/zombie_dead/Content/StarterContent/Textures/T_Burst_M.uexp" 868
"C:/Users/DedPyps/Documents/Unreal Projects/zombie_dead/Content/StarterContent/Particles/Materials/M_Burst.uasset" 869
"C:/Users/DedPyps/Documents/Unreal Projects/zombie_dead/Content/StarterContent/Particles/Materials/M_Burst.uexp" 870
"C:/Users/DedPyps/Documents/Unreal Projects/zombie_dead/Content/StarterContent/Particles/Materials/m_flare_01.uasset" 871
"C:/Users/DedPyps/Documents/Unreal Projects/zombie_dead/Content/StarterContent/Particles/Materials/m_flare_01.uexp" 872
"C:/Users/DedPyps/Documents/Unreal Projects/zombie_dead/Content/StarterContent/Textures/T_Explosion_SubUV.ubulk" 873
"C:/Users/DedPyps/Documents/Unreal Projects/zombie_dead/Content/StarterContent/Textures/T_Explosion_SubUV.uasset" 874
"C:/Users/DedPyps/Documents/Unreal Projects/zombie_dead/Content/StarterContent/Textures/T_Explosion_SubUV.uexp" 875
"C:/Users/DedPyps/Documents/Unreal Projects/zombie_dead/Content/StarterContent/Particles/Materials/M_explosion_subUV.uasset" 876
"C:/Users/DedPyps/Documents/Unreal Projects/zombie_dead/Content/StarterContent/Particles/Materials/M_explosion_subUV.uexp" 877
"../../../Engine/Content/Functions/Engine_MaterialFunctions01/Gradient/RadialGradient.uasset" 878
"../../../Engine/Content/Functions/Engine_MaterialFunctions01/Gradient/RadialGradient.uexp" 879
"C:/Users/DedPyps/Documents/Unreal Projects/zombie_dead/Content/StarterContent/Particles/Materials/M_radial_ramp.uasset" 880
"C:/Users/DedPyps/Documents/Unreal Projects/zombie_dead/Content/StarterContent/Particles/Materials/M_radial_ramp.uexp" 881
"C:/Users/DedPyps/Documents/Unreal Projects/zombie_dead/Content/StarterContent/Particles/P_Explosion.uasset" 882
"C:/Users/DedPyps/Documents/Unreal Projects/zombie_dead/Content/StarterContent/Particles/P_Explosion.uexp" 883
"C:/Users/DedPyps/Documents/Unreal Projects/zombie_dead/Content/StarterContent/Audio/Explosion01.ubulk" 884
"C:/Users/DedPyps/Documents/Unreal Projects/zombie_dead/Content/StarterContent/Audio/Explosion01.uasset" 885
"C:/Users/DedPyps/Documents/Unreal Projects/zombie_dead/Content/StarterContent/Audio/Explosion01.uexp" 886
"C:/Users/DedPyps/Documents/Unreal Projects/zombie_dead/Content/Weapons_And_Items/Bomb_-_C4/SA_BombTicking.uasset" 887
"C:/Users/DedPyps/Documents/Unreal Projects/zombie_dead/Content/Weapons_And_Items/Bomb_-_C4/SA_BombTicking.uexp" 888
"C:/Users/DedPyps/Documents/Unreal Projects/zombie_dead/Content/Weapons_And_Items/Bomb_-_C4/BombTicking.ubulk" 889
"C:/Users/DedPyps/Documents/Unreal Projects/zombie_dead/Content/Weapons_And_Items/Bomb_-_C4/BombTicking.uasset" 890
"C:/Users/DedPyps/Documents/Unreal Projects/zombie_dead/Content/Weapons_And_Items/Bomb_-_C4/BombTicking.uexp" 891
"C:/Users/DedPyps/Documents/Unreal Projects/zombie_dead/Content/Weapons_And_Items/Bomb_-_C4/BP_Bomb.uasset" 892
"C:/Users/DedPyps/Documents/Unreal Projects/zombie_dead/Content/Weapons_And_Items/Bomb_-_C4/BP_Bomb.uexp" 893
"C:/Users/DedPyps/Documents/Unreal Projects/zombie_dead/Content/Weapons_And_Items/Bomb_-_C4/AS_BOMB_PLANT.uasset" 894
"C:/Users/DedPyps/Documents/Unreal Projects/zombie_dead/Content/Weapons_And_Items/Bomb_-_C4/AS_BOMB_PLANT.uexp" 895
"C:/Users/DedPyps/Documents/Unreal Projects/zombie_dead/Content/Weapons_And_Items/Bomb_-_C4/AS_BOMB_PLANT_Montage.uasset" 896
"C:/Users/DedPyps/Documents/Unreal Projects/zombie_dead/Content/Weapons_And_Items/Bomb_-_C4/AS_BOMB_PLANT_Montage.uexp" 897
"C:/Users/DedPyps/Documents/Unreal Projects/zombie_dead/Content/Weapons_And_Items/Pistol_-_USP/AS_USP_RELOAD.uasset" 898
"C:/Users/DedPyps/Documents/Unreal Projects/zombie_dead/Content/Weapons_And_Items/Pistol_-_USP/AS_USP_RELOAD.uexp" 899
"C:/Users/DedPyps/Documents/Unreal Projects/zombie_dead/Content/Weapons_And_Items/Pistol_-_USP/holster.ubulk" 900
"C:/Users/DedPyps/Documents/Unreal Projects/zombie_dead/Content/Weapons_And_Items/Pistol_-_USP/holster.uasset" 901
"C:/Users/DedPyps/Documents/Unreal Projects/zombie_dead/Content/Weapons_And_Items/Pistol_-_USP/holster.uexp" 902
"C:/Users/DedPyps/Documents/Unreal Projects/zombie_dead/Content/Weapons_And_Items/Pistol_-_USP/AS_USP_RELOAD_Montage.uasset" 903
"C:/Users/DedPyps/Documents/Unreal Projects/zombie_dead/Content/Weapons_And_Items/Pistol_-_USP/AS_USP_RELOAD_Montage.uexp" 904
"C:/Users/DedPyps/Documents/Unreal Projects/zombie_dead/Content/FirstPerson/Input/Actions/IA_Equip_Axe.uasset" 905
"C:/Users/DedPyps/Documents/Unreal Projects/zombie_dead/Content/FirstPerson/Input/Actions/IA_Equip_Axe.uexp" 906
"C:/Users/DedPyps/Documents/Unreal Projects/zombie_dead/Content/FirstPerson/Input/Actions/IA_Equip_AWP.uasset" 907
"C:/Users/DedPyps/Documents/Unreal Projects/zombie_dead/Content/FirstPerson/Input/Actions/IA_Equip_AWP.uexp" 908
"C:/Users/DedPyps/Documents/Unreal Projects/zombie_dead/Content/FirstPerson/Input/Actions/IA_Shoot.uasset" 909
"C:/Users/DedPyps/Documents/Unreal Projects/zombie_dead/Content/FirstPerson/Input/Actions/IA_Shoot.uexp" 910
"C:/Users/DedPyps/Documents/Unreal Projects/zombie_dead/Content/FirstPerson/Input/Actions/IA_Jump.uasset" 911
"C:/Users/DedPyps/Documents/Unreal Projects/zombie_dead/Content/FirstPerson/Input/Actions/IA_Jump.uexp" 912
"C:/Users/DedPyps/Documents/Unreal Projects/zombie_dead/Content/FirstPerson/Input/IMC_Default.uasset" 913
"C:/Users/DedPyps/Documents/Unreal Projects/zombie_dead/Content/FirstPerson/Input/IMC_Default.uexp" 914
"C:/Users/DedPyps/Documents/Unreal Projects/zombie_dead/Content/UI/WG_DeathScreen.uasset" 915
"C:/Users/DedPyps/Documents/Unreal Projects/zombie_dead/Content/UI/WG_DeathScreen.uexp" 916
"C:/Users/DedPyps/Documents/Unreal Projects/zombie_dead/Content/Weapons_And_Items/Rifle_-_AK47/AS_AK47_RELOADCH.uasset" 917
"C:/Users/DedPyps/Documents/Unreal Projects/zombie_dead/Content/Weapons_And_Items/Rifle_-_AK47/AS_AK47_RELOADCH.uexp" 918
"C:/Users/DedPyps/Documents/Unreal Projects/zombie_dead/Content/Weapons_And_Items/Rifle_-_AK47/AS_AK47_RELOADCH_Montage.uasset" 919
"C:/Users/DedPyps/Documents/Unreal Projects/zombie_dead/Content/Weapons_And_Items/Rifle_-_AK47/AS_AK47_RELOADCH_Montage.uexp" 920
"C:/Users/DedPyps/Documents/Unreal Projects/zombie_dead/Content/Weapons_And_Items/Melee_-_AX/AS_AXE_ATTACK.uasset" 921
"C:/Users/DedPyps/Documents/Unreal Projects/zombie_dead/Content/Weapons_And_Items/Melee_-_AX/AS_AXE_ATTACK.uexp" 922
"C:/Users/DedPyps/Documents/Unreal Projects/zombie_dead/Content/Weapons_And_Items/Melee_-_AX/AS_AXE_ATTACK_Montage1.uasset" 923
"C:/Users/DedPyps/Documents/Unreal Projects/zombie_dead/Content/Weapons_And_Items/Melee_-_AX/AS_AXE_ATTACK_Montage1.uexp" 924
"C:/Users/DedPyps/Documents/Unreal Projects/zombie_dead/Content/Weapons_And_Items/First_Aid_-_Syringe/AS_SYRINGE_USE.uasset" 925
"C:/Users/DedPyps/Documents/Unreal Projects/zombie_dead/Content/Weapons_And_Items/First_Aid_-_Syringe/AS_SYRINGE_USE.uexp" 926
"C:/Users/DedPyps/Documents/Unreal Projects/zombie_dead/Content/Weapons_And_Items/First_Aid_-_Syringe/AS_SYRINGE_USE_Montage.uasset" 927
"C:/Users/DedPyps/Documents/Unreal Projects/zombie_dead/Content/Weapons_And_Items/First_Aid_-_Syringe/AS_SYRINGE_USE_Montage.uexp" 928
"C:/Users/DedPyps/Documents/Unreal Projects/zombie_dead/Content/Weapons_And_Items/First_Aid_-_Syringe/SK_Syringe.uasset" 929
"C:/Users/DedPyps/Documents/Unreal Projects/zombie_dead/Content/Weapons_And_Items/First_Aid_-_Syringe/SK_Syringe.uexp" 930
"C:/Users/DedPyps/Documents/Unreal Projects/zombie_dead/Content/Weapons_And_Items/First_Aid_-_Syringe/MI_FirstAid_Syringe_Blood.uasset" 931
"C:/Users/DedPyps/Documents/Unreal Projects/zombie_dead/Content/Weapons_And_Items/First_Aid_-_Syringe/MI_FirstAid_Syringe_Blood.uexp" 932
"C:/Users/DedPyps/Documents/Unreal Projects/zombie_dead/Content/Weapons_And_Items/First_Aid_-_Syringe/MI_FirstAid_Syringe_Needle.uasset" 933
"C:/Users/DedPyps/Documents/Unreal Projects/zombie_dead/Content/Weapons_And_Items/First_Aid_-_Syringe/MI_FirstAid_Syringe_Needle.uexp" 934
"C:/Users/DedPyps/Documents/Unreal Projects/zombie_dead/Content/StarterContent/Materials/M_Glass.uasset" 935
"C:/Users/DedPyps/Documents/Unreal Projects/zombie_dead/Content/StarterContent/Materials/M_Glass.uexp" 936
"C:/Users/DedPyps/Documents/Unreal Projects/zombie_dead/Content/Weapons_And_Items/First_Aid_-_Syringe/Label__1_.ubulk" 937
"C:/Users/DedPyps/Documents/Unreal Projects/zombie_dead/Content/Weapons_And_Items/First_Aid_-_Syringe/Label__1_.uasset" 938
"C:/Users/DedPyps/Documents/Unreal Projects/zombie_dead/Content/Weapons_And_Items/First_Aid_-_Syringe/Label__1_.uexp" 939
"C:/Users/DedPyps/Documents/Unreal Projects/zombie_dead/Content/Weapons_And_Items/First_Aid_-_Syringe/MI_FirstAid_Syringe.uasset" 940
"C:/Users/DedPyps/Documents/Unreal Projects/zombie_dead/Content/Weapons_And_Items/First_Aid_-_Syringe/MI_FirstAid_Syringe.uexp" 941
"C:/Users/DedPyps/Documents/Unreal Projects/zombie_dead/Content/Weapons_And_Items/First_Aid_-_Syringe/SKM_Syringe.uasset" 942
"C:/Users/DedPyps/Documents/Unreal Projects/zombie_dead/Content/Weapons_And_Items/First_Aid_-_Syringe/SKM_Syringe.uexp" 943
"C:/Users/DedPyps/Documents/Unreal Projects/zombie_dead/Content/Weapons_And_Items/First_Aid_-_Syringe/AS_SYRINGE_EQUIP.uasset" 944
"C:/Users/DedPyps/Documents/Unreal Projects/zombie_dead/Content/Weapons_And_Items/First_Aid_-_Syringe/AS_SYRINGE_EQUIP.uexp" 945
"C:/Users/DedPyps/Documents/Unreal Projects/zombie_dead/Content/Weapons_And_Items/First_Aid_-_Syringe/AS_SYRINGE_EQUIP_Montage.uasset" 946
"C:/Users/DedPyps/Documents/Unreal Projects/zombie_dead/Content/Weapons_And_Items/First_Aid_-_Syringe/AS_SYRINGE_EQUIP_Montage.uexp" 947
"C:/Users/DedPyps/Documents/Unreal Projects/zombie_dead/Content/Survival_Character/Textures/Jacket/T_Jacket_BaseColor.ubulk" 948
"C:/Users/DedPyps/Documents/Unreal Projects/zombie_dead/Content/Survival_Character/Textures/Jacket/T_Jacket_BaseColor.uasset" 949
"C:/Users/DedPyps/Documents/Unreal Projects/zombie_dead/Content/Survival_Character/Textures/Jacket/T_Jacket_BaseColor.uexp" 950
"C:/Users/DedPyps/Documents/Unreal Projects/zombie_dead/Content/Survival_Character/Textures/Jacket/T_Jacket_Normal.ubulk" 951
"C:/Users/DedPyps/Documents/Unreal Projects/zombie_dead/Content/Survival_Character/Textures/Jacket/T_Jacket_Normal.uasset" 952
"C:/Users/DedPyps/Documents/Unreal Projects/zombie_dead/Content/Survival_Character/Textures/Jacket/T_Jacket_Normal.uexp" 953
"C:/Users/DedPyps/Documents/Unreal Projects/zombie_dead/Content/Survival_Character/Textures/Jacket/T_Jacket_OcclusionRoughnessMetallic.ubulk" 954
"C:/Users/DedPyps/Documents/Unreal Projects/zombie_dead/Content/Survival_Character/Textures/Jacket/T_Jacket_OcclusionRoughnessMetallic.uasset" 955
"C:/Users/DedPyps/Documents/Unreal Projects/zombie_dead/Content/Survival_Character/Textures/Jacket/T_Jacket_OcclusionRoughnessMetallic.uexp" 956
"C:/Users/DedPyps/Documents/Unreal Projects/zombie_dead/Content/Survival_Character/Materials/Master_Materials/MM_Survival_Character_Jacket.uasset" 957
"C:/Users/DedPyps/Documents/Unreal Projects/zombie_dead/Content/Survival_Character/Materials/Master_Materials/MM_Survival_Character_Jacket.uexp" 958
"C:/Users/DedPyps/Documents/Unreal Projects/zombie_dead/Content/Survival_Character/Materials/MI_Survival_Character_Jacket.uasset" 959
"C:/Users/DedPyps/Documents/Unreal Projects/zombie_dead/Content/Survival_Character/Materials/MI_Survival_Character_Jacket.uexp" 960
"C:/Users/DedPyps/Documents/Unreal Projects/zombie_dead/Content/Survival_Character/Textures/Skin/T_Skin_Normal.ubulk" 961
"C:/Users/DedPyps/Documents/Unreal Projects/zombie_dead/Content/Survival_Character/Textures/Skin/T_Skin_Normal.uasset" 962
"C:/Users/DedPyps/Documents/Unreal Projects/zombie_dead/Content/Survival_Character/Textures/Skin/T_Skin_Normal.uexp" 963
"C:/Users/DedPyps/Documents/Unreal Projects/zombie_dead/Content/Survival_Character/Textures/Skin/T_Skin_OcclusionRoughnessMetallic.ubulk" 964
"C:/Users/DedPyps/Documents/Unreal Projects/zombie_dead/Content/Survival_Character/Textures/Skin/T_Skin_OcclusionRoughnessMetallic.uasset" 965
"C:/Users/DedPyps/Documents/Unreal Projects/zombie_dead/Content/Survival_Character/Textures/Skin/T_Skin_OcclusionRoughnessMetallic.uexp" 966
"C:/Users/DedPyps/Documents/Unreal Projects/zombie_dead/Content/Survival_Character/Textures/Skin/T_Skin_BaseColor.ubulk" 967
"C:/Users/DedPyps/Documents/Unreal Projects/zombie_dead/Content/Survival_Character/Textures/Skin/T_Skin_BaseColor.uasset" 968
"C:/Users/DedPyps/Documents/Unreal Projects/zombie_dead/Content/Survival_Character/Textures/Skin/T_Skin_BaseColor.uexp" 969
"C:/Users/DedPyps/Documents/Unreal Projects/zombie_dead/Content/Survival_Character/Materials/Master_Materials/Material_Function/SSP_SkinSSS.uasset" 970
"C:/Users/DedPyps/Documents/Unreal Projects/zombie_dead/Content/Survival_Character/Materials/Master_Materials/Material_Function/SSP_SkinSSS.uexp" 971
"C:/Users/DedPyps/Documents/Unreal Projects/zombie_dead/Content/Survival_Character/Materials/Master_Materials/MM_Survival_Character_Skin.uasset" 972
"C:/Users/DedPyps/Documents/Unreal Projects/zombie_dead/Content/Survival_Character/Materials/Master_Materials/MM_Survival_Character_Skin.uexp" 973
"C:/Users/DedPyps/Documents/Unreal Projects/zombie_dead/Content/Survival_Character/Materials/MI_Survival_Character_Skin.uasset" 974
"C:/Users/DedPyps/Documents/Unreal Projects/zombie_dead/Content/Survival_Character/Materials/MI_Survival_Character_Skin.uexp" 975
"C:/Users/DedPyps/Documents/Unreal Projects/zombie_dead/Content/Survival_Character/Textures/Hair/Haircap/T_Haircap_Height.ubulk" 976
"C:/Users/DedPyps/Documents/Unreal Projects/zombie_dead/Content/Survival_Character/Textures/Hair/Haircap/T_Haircap_Height.uasset" 977
"C:/Users/DedPyps/Documents/Unreal Projects/zombie_dead/Content/Survival_Character/Textures/Hair/Haircap/T_Haircap_Height.uexp" 978
"C:/Users/DedPyps/Documents/Unreal Projects/zombie_dead/Content/Survival_Character/Textures/Hair/Haircap/T_Haircap_Alpha3.ubulk" 979
"C:/Users/DedPyps/Documents/Unreal Projects/zombie_dead/Content/Survival_Character/Textures/Hair/Haircap/T_Haircap_Alpha3.uasset" 980
"C:/Users/DedPyps/Documents/Unreal Projects/zombie_dead/Content/Survival_Character/Textures/Hair/Haircap/T_Haircap_Alpha3.uexp" 981
"C:/Users/DedPyps/Documents/Unreal Projects/zombie_dead/Content/Survival_Character/Textures/Hair/Haircap/T_Haircap_ID.ubulk" 982
"C:/Users/DedPyps/Documents/Unreal Projects/zombie_dead/Content/Survival_Character/Textures/Hair/Haircap/T_Haircap_ID.uasset" 983
"C:/Users/DedPyps/Documents/Unreal Projects/zombie_dead/Content/Survival_Character/Textures/Hair/Haircap/T_Haircap_ID.uexp" 984
"C:/Users/DedPyps/Documents/Unreal Projects/zombie_dead/Content/Survival_Character/Textures/Hair/Hairstyle/T_Hair_Roots.ubulk" 985
"C:/Users/DedPyps/Documents/Unreal Projects/zombie_dead/Content/Survival_Character/Textures/Hair/Hairstyle/T_Hair_Roots.uasset" 986
"C:/Users/DedPyps/Documents/Unreal Projects/zombie_dead/Content/Survival_Character/Textures/Hair/Hairstyle/T_Hair_Roots.uexp" 987
"C:/Users/DedPyps/Documents/Unreal Projects/zombie_dead/Content/Survival_Character/Textures/Hair/Hairstyle/T_Hair_Alpha.ubulk" 988
"C:/Users/DedPyps/Documents/Unreal Projects/zombie_dead/Content/Survival_Character/Textures/Hair/Hairstyle/T_Hair_Alpha.uasset" 989
"C:/Users/DedPyps/Documents/Unreal Projects/zombie_dead/Content/Survival_Character/Textures/Hair/Hairstyle/T_Hair_Alpha.uexp" 990
"../../../Engine/Content/EngineMaterials/Good64x64TilingNoiseHighFreq.uasset" 991
"../../../Engine/Content/EngineMaterials/Good64x64TilingNoiseHighFreq.uexp" 992
"C:/Users/DedPyps/Documents/Unreal Projects/zombie_dead/Content/Survival_Character/Textures/Hair/Hairstyle/T_Hair_Height.ubulk" 993
"C:/Users/DedPyps/Documents/Unreal Projects/zombie_dead/Content/Survival_Character/Textures/Hair/Hairstyle/T_Hair_Height.uasset" 994
"C:/Users/DedPyps/Documents/Unreal Projects/zombie_dead/Content/Survival_Character/Textures/Hair/Hairstyle/T_Hair_Height.uexp" 995
"../../../Engine/Content/Functions/Engine_MaterialFunctions02/Texturing/ScreenAlignedPixelToPixelUVs.uasset" 996
"../../../Engine/Content/Functions/Engine_MaterialFunctions02/Texturing/ScreenAlignedPixelToPixelUVs.uexp" 997
"C:/Users/DedPyps/Documents/Unreal Projects/zombie_dead/Content/Survival_Character/Textures/Hair/Hairstyle/T_Hair_Direction.ubulk" 998
"C:/Users/DedPyps/Documents/Unreal Projects/zombie_dead/Content/Survival_Character/Textures/Hair/Hairstyle/T_Hair_Direction.uasset" 999
"C:/Users/DedPyps/Documents/Unreal Projects/zombie_dead/Content/Survival_Character/Textures/Hair/Hairstyle/T_Hair_Direction.uexp" 1000
"../../../Engine/Content/Functions/Engine_MaterialFunctions01/Gradient/LinearGradient.uasset" 1001
"../../../Engine/Content/Functions/Engine_MaterialFunctions01/Gradient/LinearGradient.uexp" 1002
"../../../Engine/Content/Functions/Engine_MaterialFunctions01/ImageAdjustment/CheapContrast.uasset" 1003
"../../../Engine/Content/Functions/Engine_MaterialFunctions01/ImageAdjustment/CheapContrast.uexp" 1004
"../../../Engine/Content/Functions/Engine_MaterialFunctions02/Math/MultiplyAdd.uasset" 1005
"../../../Engine/Content/Functions/Engine_MaterialFunctions02/Math/MultiplyAdd.uexp" 1006
"C:/Users/DedPyps/Documents/Unreal Projects/zombie_dead/Content/Survival_Character/Textures/Hair/Hairstyle/T_Hair_Diffuse.ubulk" 1007
"C:/Users/DedPyps/Documents/Unreal Projects/zombie_dead/Content/Survival_Character/Textures/Hair/Hairstyle/T_Hair_Diffuse.uasset" 1008
"C:/Users/DedPyps/Documents/Unreal Projects/zombie_dead/Content/Survival_Character/Textures/Hair/Hairstyle/T_Hair_Diffuse.uexp" 1009
"../../../Engine/Content/Functions/Engine_MaterialFunctions02/HueShift.uasset" 1010
"../../../Engine/Content/Functions/Engine_MaterialFunctions02/HueShift.uexp" 1011
"../../../Engine/Content/EditorMaterials/Cascade/CASC_Solo_On.uasset" 1012
"../../../Engine/Content/EditorMaterials/Cascade/CASC_Solo_On.uexp" 1013
"C:/Users/DedPyps/Documents/Unreal Projects/zombie_dead/Content/Survival_Character/Textures/Hair/Hairstyle/T_Hair_ID.ubulk" 1014
"C:/Users/DedPyps/Documents/Unreal Projects/zombie_dead/Content/Survival_Character/Textures/Hair/Hairstyle/T_Hair_ID.uasset" 1015
"C:/Users/DedPyps/Documents/Unreal Projects/zombie_dead/Content/Survival_Character/Textures/Hair/Hairstyle/T_Hair_ID.uexp" 1016
"C:/Users/DedPyps/Documents/Unreal Projects/zombie_dead/Content/Survival_Character/Materials/Master_Materials/MM_Survival_Character_HairSheet.uasset" 1017
"C:/Users/DedPyps/Documents/Unreal Projects/zombie_dead/Content/Survival_Character/Materials/Master_Materials/MM_Survival_Character_HairSheet.uexp" 1018
"C:/Users/DedPyps/Documents/Unreal Projects/zombie_dead/Content/Survival_Character/Materials/MI_Survival_Character_Haircap.uasset" 1019
"C:/Users/DedPyps/Documents/Unreal Projects/zombie_dead/Content/Survival_Character/Materials/MI_Survival_Character_Haircap.uexp" 1020
"C:/Users/DedPyps/Documents/Unreal Projects/zombie_dead/Content/Survival_Character/Textures/Gloves/T_Gloves_Normal.ubulk" 1021
"C:/Users/DedPyps/Documents/Unreal Projects/zombie_dead/Content/Survival_Character/Textures/Gloves/T_Gloves_Normal.uasset" 1022
"C:/Users/DedPyps/Documents/Unreal Projects/zombie_dead/Content/Survival_Character/Textures/Gloves/T_Gloves_Normal.uexp" 1023
"C:/Users/DedPyps/Documents/Unreal Projects/zombie_dead/Content/Survival_Character/Textures/Gloves/T_Gloves_OcclusionRoughnessMetallic.ubulk" 1024
"C:/Users/DedPyps/Documents/Unreal Projects/zombie_dead/Content/Survival_Character/Textures/Gloves/T_Gloves_OcclusionRoughnessMetallic.uasset" 1025
"C:/Users/DedPyps/Documents/Unreal Projects/zombie_dead/Content/Survival_Character/Textures/Gloves/T_Gloves_OcclusionRoughnessMetallic.uexp" 1026
"C:/Users/DedPyps/Documents/Unreal Projects/zombie_dead/Content/Survival_Character/Textures/Gloves/T_Gloves_BaseColor.ubulk" 1027
"C:/Users/DedPyps/Documents/Unreal Projects/zombie_dead/Content/Survival_Character/Textures/Gloves/T_Gloves_BaseColor.uasset" 1028
"C:/Users/DedPyps/Documents/Unreal Projects/zombie_dead/Content/Survival_Character/Textures/Gloves/T_Gloves_BaseColor.uexp" 1029
"C:/Users/DedPyps/Documents/Unreal Projects/zombie_dead/Content/Survival_Character/Materials/Master_Materials/MM_Survival_Character_Gloves.uasset" 1030
"C:/Users/DedPyps/Documents/Unreal Projects/zombie_dead/Content/Survival_Character/Materials/Master_Materials/MM_Survival_Character_Gloves.uexp" 1031
"C:/Users/DedPyps/Documents/Unreal Projects/zombie_dead/Content/Survival_Character/Materials/MI_Survival_Character_Gloves.uasset" 1032
"C:/Users/DedPyps/Documents/Unreal Projects/zombie_dead/Content/Survival_Character/Materials/MI_Survival_Character_Gloves.uexp" 1033
"C:/Users/DedPyps/Documents/Unreal Projects/zombie_dead/Content/Survival_Character/Textures/Eye_Brow/T_Eyebrow_BaseColor.ubulk" 1034
"C:/Users/DedPyps/Documents/Unreal Projects/zombie_dead/Content/Survival_Character/Textures/Eye_Brow/T_Eyebrow_BaseColor.uasset" 1035
"C:/Users/DedPyps/Documents/Unreal Projects/zombie_dead/Content/Survival_Character/Textures/Eye_Brow/T_Eyebrow_BaseColor.uexp" 1036
"C:/Users/DedPyps/Documents/Unreal Projects/zombie_dead/Content/Survival_Character/Textures/Eye_Brow/T_Eyebrow_Roghness.ubulk" 1037
"C:/Users/DedPyps/Documents/Unreal Projects/zombie_dead/Content/Survival_Character/Textures/Eye_Brow/T_Eyebrow_Roghness.uasset" 1038
"C:/Users/DedPyps/Documents/Unreal Projects/zombie_dead/Content/Survival_Character/Textures/Eye_Brow/T_Eyebrow_Roghness.uexp" 1039
"C:/Users/DedPyps/Documents/Unreal Projects/zombie_dead/Content/Survival_Character/Textures/Eye_Brow/T_Eyebrow_AO.ubulk" 1040
"C:/Users/DedPyps/Documents/Unreal Projects/zombie_dead/Content/Survival_Character/Textures/Eye_Brow/T_Eyebrow_AO.uasset" 1041
"C:/Users/DedPyps/Documents/Unreal Projects/zombie_dead/Content/Survival_Character/Textures/Eye_Brow/T_Eyebrow_AO.uexp" 1042
"C:/Users/DedPyps/Documents/Unreal Projects/zombie_dead/Content/Survival_Character/Textures/Eye_Brow/T_Eyebrow_Normal.ubulk" 1043
"C:/Users/DedPyps/Documents/Unreal Projects/zombie_dead/Content/Survival_Character/Textures/Eye_Brow/T_Eyebrow_Normal.uasset" 1044
"C:/Users/DedPyps/Documents/Unreal Projects/zombie_dead/Content/Survival_Character/Textures/Eye_Brow/T_Eyebrow_Normal.uexp" 1045
"C:/Users/DedPyps/Documents/Unreal Projects/zombie_dead/Content/Survival_Character/Textures/Eye_Brow/T_Eyebrow_Depth.ubulk" 1046
"C:/Users/DedPyps/Documents/Unreal Projects/zombie_dead/Content/Survival_Character/Textures/Eye_Brow/T_Eyebrow_Depth.uasset" 1047
"C:/Users/DedPyps/Documents/Unreal Projects/zombie_dead/Content/Survival_Character/Textures/Eye_Brow/T_Eyebrow_Depth.uexp" 1048
"C:/Users/DedPyps/Documents/Unreal Projects/zombie_dead/Content/Survival_Character/Textures/Eye_Brow/T_Eyebrow_Alpha.ubulk" 1049
"C:/Users/DedPyps/Documents/Unreal Projects/zombie_dead/Content/Survival_Character/Textures/Eye_Brow/T_Eyebrow_Alpha.uasset" 1050
"C:/Users/DedPyps/Documents/Unreal Projects/zombie_dead/Content/Survival_Character/Textures/Eye_Brow/T_Eyebrow_Alpha.uexp" 1051
"C:/Users/DedPyps/Documents/Unreal Projects/zombie_dead/Content/Survival_Character/Materials/Master_Materials/MM_Survival_Character_EyeBrow.uasset" 1052
"C:/Users/DedPyps/Documents/Unreal Projects/zombie_dead/Content/Survival_Character/Materials/Master_Materials/MM_Survival_Character_EyeBrow.uexp" 1053
"C:/Users/DedPyps/Documents/Unreal Projects/zombie_dead/Content/Survival_Character/Materials/MI_Survival_Character_EyeBrow.uasset" 1054
"C:/Users/DedPyps/Documents/Unreal Projects/zombie_dead/Content/Survival_Character/Materials/MI_Survival_Character_EyeBrow.uexp" 1055
"C:/Users/DedPyps/Documents/Unreal Projects/zombie_dead/Content/Survival_Character/Materials/Master_Materials/Material_Function/MF_MakeFloat2.uasset" 1056
"C:/Users/DedPyps/Documents/Unreal Projects/zombie_dead/Content/Survival_Character/Materials/Master_Materials/Material_Function/MF_MakeFloat2.uexp" 1057
"../../../Engine/Content/Functions/Engine_MaterialFunctions02/TangentBasis.uasset" 1058
"../../../Engine/Content/Functions/Engine_MaterialFunctions02/TangentBasis.uexp" 1059
"C:/Users/DedPyps/Documents/Unreal Projects/zombie_dead/Content/Survival_Character/Materials/Master_Materials/Material_Function/MF_ML_EyeRefraction2.uasset" 1060
"C:/Users/DedPyps/Documents/Unreal Projects/zombie_dead/Content/Survival_Character/Materials/Master_Materials/Material_Function/MF_ML_EyeRefraction2.uexp" 1061
"C:/Users/DedPyps/Documents/Unreal Projects/zombie_dead/Content/Survival_Character/Textures/Eye/T_Eye_BaseColor.ubulk" 1062
"C:/Users/DedPyps/Documents/Unreal Projects/zombie_dead/Content/Survival_Character/Textures/Eye/T_Eye_BaseColor.uasset" 1063
"C:/Users/DedPyps/Documents/Unreal Projects/zombie_dead/Content/Survival_Character/Textures/Eye/T_Eye_BaseColor.uexp" 1064
"C:/Users/DedPyps/Documents/Unreal Projects/zombie_dead/Content/Survival_Character/Textures/Eye/T_Eye_BaseColor_2.ubulk" 1065
"C:/Users/DedPyps/Documents/Unreal Projects/zombie_dead/Content/Survival_Character/Textures/Eye/T_Eye_BaseColor_2.uasset" 1066
"C:/Users/DedPyps/Documents/Unreal Projects/zombie_dead/Content/Survival_Character/Textures/Eye/T_Eye_BaseColor_2.uexp" 1067
"C:/Users/DedPyps/Documents/Unreal Projects/zombie_dead/Content/Survival_Character/Textures/Eye/T_EyeMidPlaneDisplacement.ubulk" 1068
"C:/Users/DedPyps/Documents/Unreal Projects/zombie_dead/Content/Survival_Character/Textures/Eye/T_EyeMidPlaneDisplacement.uasset" 1069
"C:/Users/DedPyps/Documents/Unreal Projects/zombie_dead/Content/Survival_Character/Textures/Eye/T_EyeMidPlaneDisplacement.uexp" 1070
"C:/Users/DedPyps/Documents/Unreal Projects/zombie_dead/Content/Survival_Character/Materials/Master_Materials/Material_Function/MF_ScaleUVsByCenter.uasset" 1071
"C:/Users/DedPyps/Documents/Unreal Projects/zombie_dead/Content/Survival_Character/Materials/Master_Materials/Material_Function/MF_ScaleUVsByCenter.uexp" 1072
"C:/Users/DedPyps/Documents/Unreal Projects/zombie_dead/Content/Survival_Character/Materials/Master_Materials/Material_Function/MF_BreakOutFloat3Components.uasset" 1073
"C:/Users/DedPyps/Documents/Unreal Projects/zombie_dead/Content/Survival_Character/Materials/Master_Materials/Material_Function/MF_BreakOutFloat3Components.uexp" 1074
"C:/Users/DedPyps/Documents/Unreal Projects/zombie_dead/Content/Survival_Character/Textures/Eye/T_Eye_Height.ubulk" 1075
"C:/Users/DedPyps/Documents/Unreal Projects/zombie_dead/Content/Survival_Character/Textures/Eye/T_Eye_Height.uasset" 1076
"C:/Users/DedPyps/Documents/Unreal Projects/zombie_dead/Content/Survival_Character/Textures/Eye/T_Eye_Height.uexp" 1077
"C:/Users/DedPyps/Documents/Unreal Projects/zombie_dead/Content/Survival_Character/Textures/Eye/T_Eye_Normal.ubulk" 1078
"C:/Users/DedPyps/Documents/Unreal Projects/zombie_dead/Content/Survival_Character/Textures/Eye/T_Eye_Normal.uasset" 1079
"C:/Users/DedPyps/Documents/Unreal Projects/zombie_dead/Content/Survival_Character/Textures/Eye/T_Eye_Normal.uexp" 1080
"C:/Users/DedPyps/Documents/Unreal Projects/zombie_dead/Content/Survival_Character/Materials/Master_Materials/Material_Function/MF_VectorLength2.uasset" 1081
"C:/Users/DedPyps/Documents/Unreal Projects/zombie_dead/Content/Survival_Character/Materials/Master_Materials/Material_Function/MF_VectorLength2.uexp" 1082
"C:/Users/DedPyps/Documents/Unreal Projects/zombie_dead/Content/Survival_Character/Textures/Eye/T_TilingNoise_001.ubulk" 1083
"C:/Users/DedPyps/Documents/Unreal Projects/zombie_dead/Content/Survival_Character/Textures/Eye/T_TilingNoise_001.uasset" 1084
"C:/Users/DedPyps/Documents/Unreal Projects/zombie_dead/Content/Survival_Character/Textures/Eye/T_TilingNoise_001.uexp" 1085
"../../../Engine/Content/Functions/Engine_MaterialFunctions02/Math/CreateThirdOrthogonalVector.uasset" 1086
"../../../Engine/Content/Functions/Engine_MaterialFunctions02/Math/CreateThirdOrthogonalVector.uexp" 1087
"../../../Engine/Content/Functions/Engine_MaterialFunctions02/Math/InverseTransformMatrix.uasset" 1088
"../../../Engine/Content/Functions/Engine_MaterialFunctions02/Math/InverseTransformMatrix.uexp" 1089
"../../../Engine/Content/Functions/Engine_MaterialFunctions02/Math/TransformToZVector.uasset" 1090
"../../../Engine/Content/Functions/Engine_MaterialFunctions02/Math/TransformToZVector.uexp" 1091
"../../../Engine/Content/EngineVolumetrics/Fogsheet/Materials/T_EV_BlankWhite_01.uasset" 1092
"../../../Engine/Content/EngineVolumetrics/Fogsheet/Materials/T_EV_BlankWhite_01.uexp" 1093
"C:/Users/DedPyps/Documents/Unreal Projects/zombie_dead/Content/Survival_Character/Materials/Master_Materials/Material_Function/MF_ParallaxOcclusionMapping.uasset" 1094
"C:/Users/DedPyps/Documents/Unreal Projects/zombie_dead/Content/Survival_Character/Materials/Master_Materials/Material_Function/MF_ParallaxOcclusionMapping.uexp" 1095
"C:/Users/DedPyps/Documents/Unreal Projects/zombie_dead/Content/Survival_Character/Materials/Master_Materials/MM_Survival_Character_Eye.uasset" 1096
"C:/Users/DedPyps/Documents/Unreal Projects/zombie_dead/Content/Survival_Character/Materials/Master_Materials/MM_Survival_Character_Eye.uexp" 1097
"C:/Users/DedPyps/Documents/Unreal Projects/zombie_dead/Content/Survival_Character/Materials/MI_Survival_Character_Eye.uasset" 1098
"C:/Users/DedPyps/Documents/Unreal Projects/zombie_dead/Content/Survival_Character/Materials/MI_Survival_Character_Eye.uexp" 1099
"C:/Users/DedPyps/Documents/Unreal Projects/zombie_dead/Content/Survival_Character/Textures/Shoes/T_Shoes_BaseColor.ubulk" 1100
"C:/Users/DedPyps/Documents/Unreal Projects/zombie_dead/Content/Survival_Character/Textures/Shoes/T_Shoes_BaseColor.uasset" 1101
"C:/Users/DedPyps/Documents/Unreal Projects/zombie_dead/Content/Survival_Character/Textures/Shoes/T_Shoes_BaseColor.uexp" 1102
"C:/Users/DedPyps/Documents/Unreal Projects/zombie_dead/Content/Survival_Character/Textures/Shoes/T_Shoes_Normal.ubulk" 1103
"C:/Users/DedPyps/Documents/Unreal Projects/zombie_dead/Content/Survival_Character/Textures/Shoes/T_Shoes_Normal.uasset" 1104
"C:/Users/DedPyps/Documents/Unreal Projects/zombie_dead/Content/Survival_Character/Textures/Shoes/T_Shoes_Normal.uexp" 1105
"C:/Users/DedPyps/Documents/Unreal Projects/zombie_dead/Content/Survival_Character/Textures/Shoes/T_Shoes_OcclusionRoughnessMetallic.ubulk" 1106
"C:/Users/DedPyps/Documents/Unreal Projects/zombie_dead/Content/Survival_Character/Textures/Shoes/T_Shoes_OcclusionRoughnessMetallic.uasset" 1107
"C:/Users/DedPyps/Documents/Unreal Projects/zombie_dead/Content/Survival_Character/Textures/Shoes/T_Shoes_OcclusionRoughnessMetallic.uexp" 1108
"C:/Users/DedPyps/Documents/Unreal Projects/zombie_dead/Content/Survival_Character/Materials/Master_Materials/MM_Survival_Character_Shoes.uasset" 1109
"C:/Users/DedPyps/Documents/Unreal Projects/zombie_dead/Content/Survival_Character/Materials/Master_Materials/MM_Survival_Character_Shoes.uexp" 1110
"C:/Users/DedPyps/Documents/Unreal Projects/zombie_dead/Content/Survival_Character/Materials/MI_Survival_Character_Shoes.uasset" 1111
"C:/Users/DedPyps/Documents/Unreal Projects/zombie_dead/Content/Survival_Character/Materials/MI_Survival_Character_Shoes.uexp" 1112
"C:/Users/DedPyps/Documents/Unreal Projects/zombie_dead/Content/Survival_Character/Meshes/PHYS_Survival_Character.uasset" 1113
"C:/Users/DedPyps/Documents/Unreal Projects/zombie_dead/Content/Survival_Character/Meshes/PHYS_Survival_Character.uexp" 1114
"C:/Users/DedPyps/Documents/Unreal Projects/zombie_dead/Content/Survival_Character/Materials/MI_Survival_Character_Hair_Brown.uasset" 1115
"C:/Users/DedPyps/Documents/Unreal Projects/zombie_dead/Content/Survival_Character/Materials/MI_Survival_Character_Hair_Brown.uexp" 1116
"C:/Users/DedPyps/Documents/Unreal Projects/zombie_dead/Content/Survival_Character/Textures/Jeans/T_Jeans_OcclusionRoughnessMetallic.ubulk" 1117
"C:/Users/DedPyps/Documents/Unreal Projects/zombie_dead/Content/Survival_Character/Textures/Jeans/T_Jeans_OcclusionRoughnessMetallic.uasset" 1118
"C:/Users/DedPyps/Documents/Unreal Projects/zombie_dead/Content/Survival_Character/Textures/Jeans/T_Jeans_OcclusionRoughnessMetallic.uexp" 1119
"C:/Users/DedPyps/Documents/Unreal Projects/zombie_dead/Content/Survival_Character/Textures/Jeans/T_Jeans_Normal.ubulk" 1120
"C:/Users/DedPyps/Documents/Unreal Projects/zombie_dead/Content/Survival_Character/Textures/Jeans/T_Jeans_Normal.uasset" 1121
"C:/Users/DedPyps/Documents/Unreal Projects/zombie_dead/Content/Survival_Character/Textures/Jeans/T_Jeans_Normal.uexp" 1122
"C:/Users/DedPyps/Documents/Unreal Projects/zombie_dead/Content/Survival_Character/Textures/Jeans/T_Jeans_BaseColor.ubulk" 1123
"C:/Users/DedPyps/Documents/Unreal Projects/zombie_dead/Content/Survival_Character/Textures/Jeans/T_Jeans_BaseColor.uasset" 1124
"C:/Users/DedPyps/Documents/Unreal Projects/zombie_dead/Content/Survival_Character/Textures/Jeans/T_Jeans_BaseColor.uexp" 1125
"C:/Users/DedPyps/Documents/Unreal Projects/zombie_dead/Content/Survival_Character/Materials/Master_Materials/MM_Survival_Character_Jeans.uasset" 1126
"C:/Users/DedPyps/Documents/Unreal Projects/zombie_dead/Content/Survival_Character/Materials/Master_Materials/MM_Survival_Character_Jeans.uexp" 1127
"C:/Users/DedPyps/Documents/Unreal Projects/zombie_dead/Content/Survival_Character/Materials/MI_Survival_Character_Jeans.uasset" 1128
"C:/Users/DedPyps/Documents/Unreal Projects/zombie_dead/Content/Survival_Character/Materials/MI_Survival_Character_Jeans.uexp" 1129
"C:/Users/DedPyps/Documents/Unreal Projects/zombie_dead/Content/Survival_Character/Textures/BackPack/T_Backpack_OcclusionRoughnessMetallic.ubulk" 1130
"C:/Users/DedPyps/Documents/Unreal Projects/zombie_dead/Content/Survival_Character/Textures/BackPack/T_Backpack_OcclusionRoughnessMetallic.uasset" 1131
"C:/Users/DedPyps/Documents/Unreal Projects/zombie_dead/Content/Survival_Character/Textures/BackPack/T_Backpack_OcclusionRoughnessMetallic.uexp" 1132
"C:/Users/DedPyps/Documents/Unreal Projects/zombie_dead/Content/Survival_Character/Textures/BackPack/T_Backpack_BaseColor.ubulk" 1133
"C:/Users/DedPyps/Documents/Unreal Projects/zombie_dead/Content/Survival_Character/Textures/BackPack/T_Backpack_BaseColor.uasset" 1134
"C:/Users/DedPyps/Documents/Unreal Projects/zombie_dead/Content/Survival_Character/Textures/BackPack/T_Backpack_BaseColor.uexp" 1135
"C:/Users/DedPyps/Documents/Unreal Projects/zombie_dead/Content/Survival_Character/Textures/BackPack/T_Backpack_Normal.ubulk" 1136
"C:/Users/DedPyps/Documents/Unreal Projects/zombie_dead/Content/Survival_Character/Textures/BackPack/T_Backpack_Normal.uasset" 1137
"C:/Users/DedPyps/Documents/Unreal Projects/zombie_dead/Content/Survival_Character/Textures/BackPack/T_Backpack_Normal.uexp" 1138
"C:/Users/DedPyps/Documents/Unreal Projects/zombie_dead/Content/Survival_Character/Materials/Master_Materials/MM_Survival_Character_Backpack.uasset" 1139
"C:/Users/DedPyps/Documents/Unreal Projects/zombie_dead/Content/Survival_Character/Materials/Master_Materials/MM_Survival_Character_Backpack.uexp" 1140
"C:/Users/DedPyps/Documents/Unreal Projects/zombie_dead/Content/Survival_Character/Materials/MI_Survival_Character_Backpack.uasset" 1141
"C:/Users/DedPyps/Documents/Unreal Projects/zombie_dead/Content/Survival_Character/Materials/MI_Survival_Character_Backpack.uexp" 1142
"C:/Users/DedPyps/Documents/Unreal Projects/zombie_dead/Content/Survival_Character/Textures/Eye_Lash/T_Eyelash_BaseColor.ubulk" 1143
"C:/Users/DedPyps/Documents/Unreal Projects/zombie_dead/Content/Survival_Character/Textures/Eye_Lash/T_Eyelash_BaseColor.uasset" 1144
"C:/Users/DedPyps/Documents/Unreal Projects/zombie_dead/Content/Survival_Character/Textures/Eye_Lash/T_Eyelash_BaseColor.uexp" 1145
"C:/Users/DedPyps/Documents/Unreal Projects/zombie_dead/Content/Survival_Character/Textures/Eye_Lash/T_Eyelash_AO.ubulk" 1146
"C:/Users/DedPyps/Documents/Unreal Projects/zombie_dead/Content/Survival_Character/Textures/Eye_Lash/T_Eyelash_AO.uasset" 1147
"C:/Users/DedPyps/Documents/Unreal Projects/zombie_dead/Content/Survival_Character/Textures/Eye_Lash/T_Eyelash_AO.uexp" 1148
"C:/Users/DedPyps/Documents/Unreal Projects/zombie_dead/Content/Survival_Character/Textures/Eye_Lash/T_Eyelash_Alpha.ubulk" 1149
"C:/Users/DedPyps/Documents/Unreal Projects/zombie_dead/Content/Survival_Character/Textures/Eye_Lash/T_Eyelash_Alpha.uasset" 1150
"C:/Users/DedPyps/Documents/Unreal Projects/zombie_dead/Content/Survival_Character/Textures/Eye_Lash/T_Eyelash_Alpha.uexp" 1151
"C:/Users/DedPyps/Documents/Unreal Projects/zombie_dead/Content/Survival_Character/Textures/Eye_Lash/T_Eyelash_Specular.ubulk" 1152
"C:/Users/DedPyps/Documents/Unreal Projects/zombie_dead/Content/Survival_Character/Textures/Eye_Lash/T_Eyelash_Specular.uasset" 1153
"C:/Users/DedPyps/Documents/Unreal Projects/zombie_dead/Content/Survival_Character/Textures/Eye_Lash/T_Eyelash_Specular.uexp" 1154
"C:/Users/DedPyps/Documents/Unreal Projects/zombie_dead/Content/Survival_Character/Textures/Eye_Lash/T_Eyelash_Normal.ubulk" 1155
"C:/Users/DedPyps/Documents/Unreal Projects/zombie_dead/Content/Survival_Character/Textures/Eye_Lash/T_Eyelash_Normal.uasset" 1156
"C:/Users/DedPyps/Documents/Unreal Projects/zombie_dead/Content/Survival_Character/Textures/Eye_Lash/T_Eyelash_Normal.uexp" 1157
"C:/Users/DedPyps/Documents/Unreal Projects/zombie_dead/Content/Survival_Character/Materials/Master_Materials/MM_Survival_Character_EyeLash.uasset" 1158
"C:/Users/DedPyps/Documents/Unreal Projects/zombie_dead/Content/Survival_Character/Materials/Master_Materials/MM_Survival_Character_EyeLash.uexp" 1159
"C:/Users/DedPyps/Documents/Unreal Projects/zombie_dead/Content/Survival_Character/Materials/MI_Survival_Character_EyeLash.uasset" 1160
"C:/Users/DedPyps/Documents/Unreal Projects/zombie_dead/Content/Survival_Character/Materials/MI_Survival_Character_EyeLash.uexp" 1161
"C:/Users/DedPyps/Documents/Unreal Projects/zombie_dead/Content/Survival_Character/Meshes/SK_Survival_Character.uasset" 1162
"C:/Users/DedPyps/Documents/Unreal Projects/zombie_dead/Content/Survival_Character/Meshes/SK_Survival_Character.uexp" 1163
"C:/Users/DedPyps/Documents/Unreal Projects/zombie_dead/Content/Weapons_And_Items/Rifle_-_AK47/AS_AK47_EQUIP.uasset" 1164
"C:/Users/DedPyps/Documents/Unreal Projects/zombie_dead/Content/Weapons_And_Items/Rifle_-_AK47/AS_AK47_EQUIP.uexp" 1165
"C:/Users/DedPyps/Documents/Unreal Projects/zombie_dead/Content/Weapons_And_Items/Rifle_-_AK47/AS_AK47_EQUIP_Montage.uasset" 1166
"C:/Users/DedPyps/Documents/Unreal Projects/zombie_dead/Content/Weapons_And_Items/Rifle_-_AK47/AS_AK47_EQUIP_Montage.uexp" 1167
"C:/Users/DedPyps/Documents/Unreal Projects/zombie_dead/Content/Weapons_And_Items/Sniper_Rifle_-_AWP/AS_awp_EQUIP.uasset" 1168
"C:/Users/DedPyps/Documents/Unreal Projects/zombie_dead/Content/Weapons_And_Items/Sniper_Rifle_-_AWP/AS_awp_EQUIP.uexp" 1169
"C:/Users/DedPyps/Documents/Unreal Projects/zombie_dead/Content/Weapons_And_Items/Sniper_Rifle_-_AWP/AS_awp_EQUIP_Montage.uasset" 1170
"C:/Users/DedPyps/Documents/Unreal Projects/zombie_dead/Content/Weapons_And_Items/Sniper_Rifle_-_AWP/AS_awp_EQUIP_Montage.uexp" 1171
"C:/Users/DedPyps/Documents/Unreal Projects/zombie_dead/Content/FirstPerson/Blueprints/BP_FirstPersonCharacter.uasset" 1172
"C:/Users/DedPyps/Documents/Unreal Projects/zombie_dead/Content/FirstPerson/Blueprints/BP_FirstPersonCharacter.uexp" 1173
"C:/Users/DedPyps/Documents/Unreal Projects/zombie_dead/Content/Weapons_And_Items/Weapon_Crate/soviet_crate_Anim1.uasset" 1174
"C:/Users/DedPyps/Documents/Unreal Projects/zombie_dead/Content/Weapons_And_Items/Weapon_Crate/soviet_crate_Anim1.uexp" 1175
"C:/Users/DedPyps/Documents/Unreal Projects/zombie_dead/Content/Weapons_And_Items/Weapon_Crate/BP_Crate.uasset" 1176
"C:/Users/DedPyps/Documents/Unreal Projects/zombie_dead/Content/Weapons_And_Items/Weapon_Crate/BP_Crate.uexp" 1177
"C:/Users/DedPyps/Documents/Unreal Projects/zombie_dead/Content/FirstPerson/Blueprints/GasTankAttenuation.uasset" 1178
"C:/Users/DedPyps/Documents/Unreal Projects/zombie_dead/Content/FirstPerson/Blueprints/GasTankAttenuation.uexp" 1179
"C:/Users/DedPyps/Documents/Unreal Projects/zombie_dead/Content/Fab/Megascans/3D/Rusty_Gas_Tank_tl1rbitfa/Medium/T_tl1rbitfa_2K_B.ubulk" 1180
"C:/Users/DedPyps/Documents/Unreal Projects/zombie_dead/Content/Fab/Megascans/3D/Rusty_Gas_Tank_tl1rbitfa/Medium/T_tl1rbitfa_2K_B.uasset" 1181
"C:/Users/DedPyps/Documents/Unreal Projects/zombie_dead/Content/Fab/Megascans/3D/Rusty_Gas_Tank_tl1rbitfa/Medium/T_tl1rbitfa_2K_B.uexp" 1182
"../../../Engine/Plugins/Fab/Content/Textures/Standard/T_DefaultDisplacement.uasset" 1183
"../../../Engine/Plugins/Fab/Content/Textures/Standard/T_DefaultDisplacement.uexp" 1184
"../../../Engine/Plugins/Fab/Content/MaterialFunctions/QMF_BaseColorAdjustments.uasset" 1185
"../../../Engine/Plugins/Fab/Content/MaterialFunctions/QMF_BaseColorAdjustments.uexp" 1186
"../../../Engine/Plugins/Fab/Content/Textures/Standard/T_DefaultNormal.uasset" 1187
"../../../Engine/Plugins/Fab/Content/Textures/Standard/T_DefaultNormal.uexp" 1188
"../../../Engine/Plugins/Fab/Content/Textures/Standard/T_DefaultMasks.uasset" 1189
"../../../Engine/Plugins/Fab/Content/Textures/Standard/T_DefaultMasks.uexp" 1190
"../../../Engine/Plugins/Fab/Content/MaterialFunctions/QMF_RoughnessAdjustments.uasset" 1191
"../../../Engine/Plugins/Fab/Content/MaterialFunctions/QMF_RoughnessAdjustments.uexp" 1192
"../../../Engine/Plugins/Fab/Content/MaterialFunctions/QMF_NormalAdjustments.uasset" 1193
"../../../Engine/Plugins/Fab/Content/MaterialFunctions/QMF_NormalAdjustments.uexp" 1194
"../../../Engine/Plugins/Fab/Content/MaterialFunctions/QMF_AOAdjustments.uasset" 1195
"../../../Engine/Plugins/Fab/Content/MaterialFunctions/QMF_AOAdjustments.uexp" 1196
"../../../Engine/Plugins/Fab/Content/Textures/Standard/T_DefaultColor.uasset" 1197
"../../../Engine/Plugins/Fab/Content/Textures/Standard/T_DefaultColor.uexp" 1198
"../../../Engine/Plugins/Fab/Content/Materials/Standard/M_MS_Base.uasset" 1199
"../../../Engine/Plugins/Fab/Content/Materials/Standard/M_MS_Base.uexp" 1200
"C:/Users/DedPyps/Documents/Unreal Projects/zombie_dead/Content/Fab/Megascans/3D/Rusty_Gas_Tank_tl1rbitfa/Medium/T_tl1rbitfa_2K_N.ubulk" 1201
"C:/Users/DedPyps/Documents/Unreal Projects/zombie_dead/Content/Fab/Megascans/3D/Rusty_Gas_Tank_tl1rbitfa/Medium/T_tl1rbitfa_2K_N.uasset" 1202
"C:/Users/DedPyps/Documents/Unreal Projects/zombie_dead/Content/Fab/Megascans/3D/Rusty_Gas_Tank_tl1rbitfa/Medium/T_tl1rbitfa_2K_N.uexp" 1203
"C:/Users/DedPyps/Documents/Unreal Projects/zombie_dead/Content/Fab/Megascans/3D/Rusty_Gas_Tank_tl1rbitfa/Medium/T_tl1rbitfa_2K_ORM.ubulk" 1204
"C:/Users/DedPyps/Documents/Unreal Projects/zombie_dead/Content/Fab/Megascans/3D/Rusty_Gas_Tank_tl1rbitfa/Medium/T_tl1rbitfa_2K_ORM.uasset" 1205
"C:/Users/DedPyps/Documents/Unreal Projects/zombie_dead/Content/Fab/Megascans/3D/Rusty_Gas_Tank_tl1rbitfa/Medium/T_tl1rbitfa_2K_ORM.uexp" 1206
"C:/Users/DedPyps/Documents/Unreal Projects/zombie_dead/Content/Fab/Megascans/3D/Rusty_Gas_Tank_tl1rbitfa/Medium/MI_tl1rbitfa.uasset" 1207
"C:/Users/DedPyps/Documents/Unreal Projects/zombie_dead/Content/Fab/Megascans/3D/Rusty_Gas_Tank_tl1rbitfa/Medium/MI_tl1rbitfa.uexp" 1208
"C:/Users/DedPyps/Documents/Unreal Projects/zombie_dead/Content/Fab/Megascans/3D/Rusty_Gas_Tank_tl1rbitfa/Medium/SM_GasTanks.ubulk" 1209
"C:/Users/DedPyps/Documents/Unreal Projects/zombie_dead/Content/Fab/Megascans/3D/Rusty_Gas_Tank_tl1rbitfa/Medium/SM_GasTanks.uasset" 1210
"C:/Users/DedPyps/Documents/Unreal Projects/zombie_dead/Content/Fab/Megascans/3D/Rusty_Gas_Tank_tl1rbitfa/Medium/SM_GasTanks.uexp" 1211
"C:/Users/DedPyps/Documents/Unreal Projects/zombie_dead/Content/Realistic_Starter_VFX_Pack_Vol2/Textures/T_Epxlosion_B_packed.ubulk" 1212
"C:/Users/DedPyps/Documents/Unreal Projects/zombie_dead/Content/Realistic_Starter_VFX_Pack_Vol2/Textures/T_Epxlosion_B_packed.uasset" 1213
"C:/Users/DedPyps/Documents/Unreal Projects/zombie_dead/Content/Realistic_Starter_VFX_Pack_Vol2/Textures/T_Epxlosion_B_packed.uexp" 1214
"C:/Users/DedPyps/Documents/Unreal Projects/zombie_dead/Content/Realistic_Starter_VFX_Pack_Vol2/Textures/T_Epxlosion_B_color.ubulk" 1215
"C:/Users/DedPyps/Documents/Unreal Projects/zombie_dead/Content/Realistic_Starter_VFX_Pack_Vol2/Textures/T_Epxlosion_B_color.uasset" 1216
"C:/Users/DedPyps/Documents/Unreal Projects/zombie_dead/Content/Realistic_Starter_VFX_Pack_Vol2/Textures/T_Epxlosion_B_color.uexp" 1217
"C:/Users/DedPyps/Documents/Unreal Projects/zombie_dead/Content/Realistic_Starter_VFX_Pack_Vol2/Materials/M_Explosion_B.uasset" 1218
"C:/Users/DedPyps/Documents/Unreal Projects/zombie_dead/Content/Realistic_Starter_VFX_Pack_Vol2/Materials/M_Explosion_B.uexp" 1219
"C:/Users/DedPyps/Documents/Unreal Projects/zombie_dead/Content/Realistic_Starter_VFX_Pack_Vol2/Vectorfields/VectorField_A.uasset" 1220
"C:/Users/DedPyps/Documents/Unreal Projects/zombie_dead/Content/Realistic_Starter_VFX_Pack_Vol2/Vectorfields/VectorField_A.uexp" 1221
"C:/Users/DedPyps/Documents/Unreal Projects/zombie_dead/Content/Realistic_Starter_VFX_Pack_Vol2/Textures/T_Impact.ubulk" 1222
"C:/Users/DedPyps/Documents/Unreal Projects/zombie_dead/Content/Realistic_Starter_VFX_Pack_Vol2/Textures/T_Impact.uasset" 1223
"C:/Users/DedPyps/Documents/Unreal Projects/zombie_dead/Content/Realistic_Starter_VFX_Pack_Vol2/Textures/T_Impact.uexp" 1224
"C:/Users/DedPyps/Documents/Unreal Projects/zombie_dead/Content/Realistic_Starter_VFX_Pack_Vol2/Materials/M_Impact_C.uasset" 1225
"C:/Users/DedPyps/Documents/Unreal Projects/zombie_dead/Content/Realistic_Starter_VFX_Pack_Vol2/Materials/M_Impact_C.uexp" 1226
"../../../Engine/Content/Functions/Engine_MaterialFunctions01/Gradient/SphereGradient-2D.uasset" 1227
"../../../Engine/Content/Functions/Engine_MaterialFunctions01/Gradient/SphereGradient-2D.uexp" 1228
"C:/Users/DedPyps/Documents/Unreal Projects/zombie_dead/Content/Realistic_Starter_VFX_Pack_Vol2/Textures/T_NoiseNormal_B.ubulk" 1229
"C:/Users/DedPyps/Documents/Unreal Projects/zombie_dead/Content/Realistic_Starter_VFX_Pack_Vol2/Textures/T_NoiseNormal_B.uasset" 1230
"C:/Users/DedPyps/Documents/Unreal Projects/zombie_dead/Content/Realistic_Starter_VFX_Pack_Vol2/Textures/T_NoiseNormal_B.uexp" 1231
"C:/Users/DedPyps/Documents/Unreal Projects/zombie_dead/Content/Realistic_Starter_VFX_Pack_Vol2/Materials/M_Distortion.uasset" 1232
"C:/Users/DedPyps/Documents/Unreal Projects/zombie_dead/Content/Realistic_Starter_VFX_Pack_Vol2/Materials/M_Distortion.uexp" 1233
"C:/Users/DedPyps/Documents/Unreal Projects/zombie_dead/Content/Realistic_Starter_VFX_Pack_Vol2/Particles/Explosion/P_Explosion_Big_A.uasset" 1234
"C:/Users/DedPyps/Documents/Unreal Projects/zombie_dead/Content/Realistic_Starter_VFX_Pack_Vol2/Particles/Explosion/P_Explosion_Big_A.uexp" 1235
"C:/Users/DedPyps/Documents/Unreal Projects/zombie_dead/Content/FirstPerson/Blueprints/BP_GazTank.uasset" 1236
"C:/Users/DedPyps/Documents/Unreal Projects/zombie_dead/Content/FirstPerson/Blueprints/BP_GazTank.uexp" 1237
"../../../Engine/Plugins/Fab/Content/Materials/Standard/M_MS_Decal.uasset" 1238
"../../../Engine/Plugins/Fab/Content/Materials/Standard/M_MS_Decal.uexp" 1239
"C:/Users/DedPyps/Documents/Unreal Projects/zombie_dead/Content/Fab/Megascans/Decals/Mud_Stain_wbhtahpv/Medium/T_wbhtahpv_2K_B-O.ubulk" 1240
"C:/Users/DedPyps/Documents/Unreal Projects/zombie_dead/Content/Fab/Megascans/Decals/Mud_Stain_wbhtahpv/Medium/T_wbhtahpv_2K_B-O.uasset" 1241
"C:/Users/DedPyps/Documents/Unreal Projects/zombie_dead/Content/Fab/Megascans/Decals/Mud_Stain_wbhtahpv/Medium/T_wbhtahpv_2K_B-O.uexp" 1242
"C:/Users/DedPyps/Documents/Unreal Projects/zombie_dead/Content/Fab/Megascans/Decals/Mud_Stain_wbhtahpv/Medium/MI_wbhtahpv.uasset" 1243
"C:/Users/DedPyps/Documents/Unreal Projects/zombie_dead/Content/Fab/Megascans/Decals/Mud_Stain_wbhtahpv/Medium/MI_wbhtahpv.uexp" 1244
"../../../Engine/Content/EngineMeshes/Sphere.ubulk" 1245
"../../../Engine/Content/EngineMeshes/Sphere.uasset" 1246
"../../../Engine/Content/EngineMeshes/Sphere.uexp" 1247
"../../../Engine/Content/EngineResources/GrayLightTextureCube.uasset" 1248
"../../../Engine/Content/EngineResources/GrayLightTextureCube.uexp" 1249
"../../../Engine/Content/EngineMaterials/T_Default_Material_Grid_M.ubulk" 1250
"../../../Engine/Content/EngineMaterials/T_Default_Material_Grid_M.uasset" 1251
"../../../Engine/Content/EngineMaterials/T_Default_Material_Grid_M.uexp" 1252
"../../../Engine/Content/EngineMaterials/T_Default_Material_Grid_N.ubulk" 1253
"../../../Engine/Content/EngineMaterials/T_Default_Material_Grid_N.uasset" 1254
"../../../Engine/Content/EngineMaterials/T_Default_Material_Grid_N.uexp" 1255
"../../../Engine/Content/Functions/Engine_MaterialFunctions01/Opacity/CameraDepthFade.uasset" 1256
"../../../Engine/Content/Functions/Engine_MaterialFunctions01/Opacity/CameraDepthFade.uexp" 1257
"../../../Engine/Content/EngineMaterials/WorldGridMaterial.uasset" 1258
"../../../Engine/Content/EngineMaterials/WorldGridMaterial.uexp" 1259
"../../../Engine/Content/ArtTools/RenderToTexture/Meshes/S_1_Unit_Plane.ubulk" 1260
"../../../Engine/Content/ArtTools/RenderToTexture/Meshes/S_1_Unit_Plane.uasset" 1261
"../../../Engine/Content/ArtTools/RenderToTexture/Meshes/S_1_Unit_Plane.uexp" 1262
"../../../Engine/Content/EditorMaterials/Camera/CineMat.uasset" 1263
"../../../Engine/Content/EditorMaterials/Camera/CineMat.uexp" 1264
"../../../Engine/Content/EditorMaterials/Camera/MI_CineMat_Rig.uasset" 1265
"../../../Engine/Content/EditorMaterials/Camera/MI_CineMat_Rig.uexp" 1266
"../../../Engine/Content/EditorMeshes/Camera/SM_CraneRig_Arm.ubulk" 1267
"../../../Engine/Content/EditorMeshes/Camera/SM_CraneRig_Arm.uasset" 1268
"../../../Engine/Content/EditorMeshes/Camera/SM_CraneRig_Arm.uexp" 1269
"../../../Engine/Content/EditorMeshes/Camera/SM_CraneRig_Base.ubulk" 1270
"../../../Engine/Content/EditorMeshes/Camera/SM_CraneRig_Base.uasset" 1271
"../../../Engine/Content/EditorMeshes/Camera/SM_CraneRig_Base.uexp" 1272
"../../../Engine/Content/EditorMeshes/Camera/SM_CraneRig_Body.ubulk" 1273
"../../../Engine/Content/EditorMeshes/Camera/SM_CraneRig_Body.uasset" 1274
"../../../Engine/Content/EditorMeshes/Camera/SM_CraneRig_Body.uexp" 1275
"../../../Engine/Content/EditorMeshes/Camera/SM_CraneRig_Mount.ubulk" 1276
"../../../Engine/Content/EditorMeshes/Camera/SM_CraneRig_Mount.uasset" 1277
"../../../Engine/Content/EditorMeshes/Camera/SM_CraneRig_Mount.uexp" 1278
"../../../Engine/Content/EditorMeshes/Camera/SM_RailRig_Mount.ubulk" 1279
"../../../Engine/Content/EditorMeshes/Camera/SM_RailRig_Mount.uasset" 1280
"../../../Engine/Content/EditorMeshes/Camera/SM_RailRig_Mount.uexp" 1281
"../../../Engine/Content/EditorMeshes/Camera/SM_RailRig_Track.ubulk" 1282
"../../../Engine/Content/EditorMeshes/Camera/SM_RailRig_Track.uasset" 1283
"../../../Engine/Content/EditorMeshes/Camera/SM_RailRig_Track.uexp" 1284
"../../../Engine/Content/EngineSky/VolumetricClouds/T_CloudMask.ubulk" 1285
"../../../Engine/Content/EngineSky/VolumetricClouds/T_CloudMask.uasset" 1286
"../../../Engine/Content/EngineSky/VolumetricClouds/T_CloudMask.uexp" 1287
"../../../Engine/Content/EngineSky/VolumetricClouds/VT_Lightning.uasset" 1288
"../../../Engine/Content/EngineSky/VolumetricClouds/VT_Lightning.uexp" 1289
"../../../Engine/Content/EngineSky/VolumetricClouds/T_Profile_08.ubulk" 1290
"../../../Engine/Content/EngineSky/VolumetricClouds/T_Profile_08.uasset" 1291
"../../../Engine/Content/EngineSky/VolumetricClouds/T_Profile_08.uexp" 1292
"../../../Engine/Content/Functions/Engine_MaterialFunctions02/Utility/MakeFloat4.uasset" 1293
"../../../Engine/Content/Functions/Engine_MaterialFunctions02/Utility/MakeFloat4.uexp" 1294
"../../../Engine/Content/Functions/Engine_MaterialFunctions01/Units/Km-to-Cm.uasset" 1295
"../../../Engine/Content/Functions/Engine_MaterialFunctions01/Units/Km-to-Cm.uexp" 1296
"../../../Engine/Content/Functions/Engine_MaterialFunctions02/Utility/BreakOutFloat4Components.uasset" 1297
"../../../Engine/Content/Functions/Engine_MaterialFunctions02/Utility/BreakOutFloat4Components.uexp" 1298
"../../../Engine/Content/EngineSky/VolumetricClouds/T_CloudPattern.ubulk" 1299
"../../../Engine/Content/EngineSky/VolumetricClouds/T_CloudPattern.uasset" 1300
"../../../Engine/Content/EngineSky/VolumetricClouds/T_CloudPattern.uexp" 1301
"../../../Engine/Content/EngineSky/VolumetricClouds/VT_PerlinWorley_Balanced.uasset" 1302
"../../../Engine/Content/EngineSky/VolumetricClouds/VT_PerlinWorley_Balanced.uexp" 1303
"../../../Engine/Content/EngineSky/VolumetricClouds/m_SimpleVolumetricCloud.uasset" 1304
"../../../Engine/Content/EngineSky/VolumetricClouds/m_SimpleVolumetricCloud.uexp" 1305
"../../../Engine/Content/EngineSky/VolumetricClouds/m_SimpleVolumetricCloud_Inst.uasset" 1306
"../../../Engine/Content/EngineSky/VolumetricClouds/m_SimpleVolumetricCloud_Inst.uexp" 1307
"../../../Engine/Content/VREditor/LaserPointer/VR_LaserPower_01.ubulk" 1308
"../../../Engine/Content/VREditor/LaserPointer/VR_LaserPower_01.uasset" 1309
"../../../Engine/Content/VREditor/LaserPointer/VR_LaserPower_01.uexp" 1310
"../../../Engine/Content/VREditor/TransformGizmo/TransformGizmoMaterial.uasset" 1311
"../../../Engine/Content/VREditor/TransformGizmo/TransformGizmoMaterial.uexp" 1312
"../../../Engine/Content/VREditor/TransformGizmo/TranslucentTransformGizmoMaterial.uasset" 1313
"../../../Engine/Content/VREditor/TransformGizmo/TranslucentTransformGizmoMaterial.uexp" 1314
"../../../Engine/Content/VREditor/TransformGizmo/BoundingBoxCorner.ubulk" 1315
"../../../Engine/Content/VREditor/TransformGizmo/BoundingBoxCorner.uasset" 1316
"../../../Engine/Content/VREditor/TransformGizmo/BoundingBoxCorner.uexp" 1317
"../../../Engine/Content/VREditor/TransformGizmo/BoundingBoxEdge.ubulk" 1318
"../../../Engine/Content/VREditor/TransformGizmo/BoundingBoxEdge.uasset" 1319
"../../../Engine/Content/VREditor/TransformGizmo/BoundingBoxEdge.uexp" 1320
"../../../Engine/Content/VREditor/TransformGizmo/Main.uasset" 1321
"../../../Engine/Content/VREditor/TransformGizmo/Main.uexp" 1322
"../../../Engine/Content/VREditor/TransformGizmo/Xray.uasset" 1323
"../../../Engine/Content/VREditor/TransformGizmo/Xray.uexp" 1324
"../../../Engine/Content/VREditor/TransformGizmo/SM_Sequencer_Node.ubulk" 1325
"../../../Engine/Content/VREditor/TransformGizmo/SM_Sequencer_Node.uasset" 1326
"../../../Engine/Content/VREditor/TransformGizmo/SM_Sequencer_Node.uexp" 1327
"../../../Engine/Content/Functions/Engine_MaterialFunctions02/Math/Transform3x3Matrix.uasset" 1328
"../../../Engine/Content/Functions/Engine_MaterialFunctions02/Math/Transform3x3Matrix.uexp" 1329
"../../../Engine/Plugins/Interchange/Assets/Content/gltf/Textures/T_White_srgb.uasset" 1330
"../../../Engine/Plugins/Interchange/Assets/Content/gltf/Textures/T_White_srgb.uexp" 1331
"../../../Engine/Plugins/Interchange/Assets/Content/gltf/MaterialFunctions/MF_Specular.uasset" 1332
"../../../Engine/Plugins/Interchange/Assets/Content/gltf/MaterialFunctions/MF_Specular.uexp" 1333
"../../../Engine/Plugins/Interchange/Assets/Content/gltf/Textures/T_Anisotropy_Direction_Linear.uasset" 1334
"../../../Engine/Plugins/Interchange/Assets/Content/gltf/Textures/T_Anisotropy_Direction_Linear.uexp" 1335
"../../../Engine/Plugins/Interchange/Assets/Content/gltf/MaterialFunctions/MF_SpecularAnisotropy.uasset" 1336
"../../../Engine/Plugins/Interchange/Assets/Content/gltf/MaterialFunctions/MF_SpecularAnisotropy.uexp" 1337
"../../../Engine/Plugins/Interchange/Assets/Content/gltf/Textures/T_White_Linear.uasset" 1338
"../../../Engine/Plugins/Interchange/Assets/Content/gltf/Textures/T_White_Linear.uexp" 1339
"../../../Engine/Plugins/Interchange/Assets/Content/gltf/MaterialFunctions/MF_MetallicRoughness.uasset" 1340
"../../../Engine/Plugins/Interchange/Assets/Content/gltf/MaterialFunctions/MF_MetallicRoughness.uexp" 1341
"../../../Engine/Plugins/Interchange/Assets/Content/gltf/Textures/T_Generic_N.uasset" 1342
"../../../Engine/Plugins/Interchange/Assets/Content/gltf/Textures/T_Generic_N.uexp" 1343
"../../../Engine/Plugins/Interchange/Assets/Content/gltf/MaterialFunctions/MF_ScaleNormal.uasset" 1344
"../../../Engine/Plugins/Interchange/Assets/Content/gltf/MaterialFunctions/MF_ScaleNormal.uexp" 1345
"../../../Engine/Plugins/Interchange/Assets/Content/gltf/MaterialFunctions/MF_BaseColor.uasset" 1346
"../../../Engine/Plugins/Interchange/Assets/Content/gltf/MaterialFunctions/MF_BaseColor.uexp" 1347
"../../../Engine/Plugins/Interchange/Assets/Content/gltf/MaterialFunctions/MF_Iridescence.uasset" 1348
"../../../Engine/Plugins/Interchange/Assets/Content/gltf/MaterialFunctions/MF_Iridescence.uexp" 1349
"../../../Engine/Plugins/Interchange/Assets/Content/gltf/MaterialFunctions/MF_Occlusion.uasset" 1350
"../../../Engine/Plugins/Interchange/Assets/Content/gltf/MaterialFunctions/MF_Occlusion.uexp" 1351
"../../../Engine/Plugins/Interchange/Assets/Content/gltf/MaterialFunctions/MF_IOR.uasset" 1352
"../../../Engine/Plugins/Interchange/Assets/Content/gltf/MaterialFunctions/MF_IOR.uexp" 1353
"../../../Engine/Plugins/Interchange/Assets/Content/gltf/MaterialFunctions/MF_RotateV2.uasset" 1354
"../../../Engine/Plugins/Interchange/Assets/Content/gltf/MaterialFunctions/MF_RotateV2.uexp" 1355
"../../../Engine/Plugins/Interchange/Assets/Content/gltf/MaterialFunctions/MF_TransformUVs.uasset" 1356
"../../../Engine/Plugins/Interchange/Assets/Content/gltf/MaterialFunctions/MF_TransformUVs.uexp" 1357
"../../../Engine/Plugins/Interchange/Assets/Content/gltf/MaterialFunctions/MF_Emissive.uasset" 1358
"../../../Engine/Plugins/Interchange/Assets/Content/gltf/MaterialFunctions/MF_Emissive.uexp" 1359
"../../../Engine/Plugins/Interchange/Assets/Content/gltf/MaterialFunctions/MF_RotateNormals_TS.uasset" 1360
"../../../Engine/Plugins/Interchange/Assets/Content/gltf/MaterialFunctions/MF_RotateNormals_TS.uexp" 1361
"../../../Engine/Plugins/Interchange/Assets/Content/gltf/MaterialFunctions/MF_Normals.uasset" 1362
"../../../Engine/Plugins/Interchange/Assets/Content/gltf/MaterialFunctions/MF_Normals.uexp" 1363
"../../../Engine/Content/Functions/Engine_MaterialFunctions01/Texturing/FlattenNormal.uasset" 1364
"../../../Engine/Content/Functions/Engine_MaterialFunctions01/Texturing/FlattenNormal.uexp" 1365
"../../../Engine/Plugins/Interchange/Assets/Content/gltf/MaterialFunctions/MF_Clearcoat.uasset" 1366
"../../../Engine/Plugins/Interchange/Assets/Content/gltf/MaterialFunctions/MF_Clearcoat.uexp" 1367
"../../../Engine/Plugins/Interchange/Assets/Content/gltf/MaterialBodies/MF_ClearCoat_Body.uasset" 1368
"../../../Engine/Plugins/Interchange/Assets/Content/gltf/MaterialBodies/MF_ClearCoat_Body.uexp" 1369
"../../../Engine/Plugins/Interchange/Assets/Content/gltf/M_ClearCoat.uasset" 1370
"../../../Engine/Plugins/Interchange/Assets/Content/gltf/M_ClearCoat.uexp" 1371
"../../../Engine/Plugins/Interchange/Assets/Content/gltf/MaterialInstances/MI_ClearCoat_Blend.uasset" 1372
"../../../Engine/Plugins/Interchange/Assets/Content/gltf/MaterialInstances/MI_ClearCoat_Blend.uexp" 1373
"../../../Engine/Plugins/Interchange/Assets/Content/gltf/MaterialInstances/MI_ClearCoat_Blend_DS.uasset" 1374
"../../../Engine/Plugins/Interchange/Assets/Content/gltf/MaterialInstances/MI_ClearCoat_Blend_DS.uexp" 1375
"../../../Engine/Plugins/Interchange/Assets/Content/gltf/MaterialInstances/MI_ClearCoat_Mask.uasset" 1376
"../../../Engine/Plugins/Interchange/Assets/Content/gltf/MaterialInstances/MI_ClearCoat_Mask.uexp" 1377
"../../../Engine/Plugins/Interchange/Assets/Content/gltf/MaterialInstances/MI_ClearCoat_Mask_DS.uasset" 1378
"../../../Engine/Plugins/Interchange/Assets/Content/gltf/MaterialInstances/MI_ClearCoat_Mask_DS.uexp" 1379
"../../../Engine/Plugins/Interchange/Assets/Content/gltf/MaterialInstances/MI_ClearCoat_Opaque.uasset" 1380
"../../../Engine/Plugins/Interchange/Assets/Content/gltf/MaterialInstances/MI_ClearCoat_Opaque.uexp" 1381
"../../../Engine/Plugins/Interchange/Assets/Content/gltf/MaterialInstances/MI_ClearCoat_Opaque_DS.uasset" 1382
"../../../Engine/Plugins/Interchange/Assets/Content/gltf/MaterialInstances/MI_ClearCoat_Opaque_DS.uexp" 1383
"../../../Engine/Plugins/Interchange/Assets/Content/gltf/MaterialBodies/MF_Default_Body.uasset" 1384
"../../../Engine/Plugins/Interchange/Assets/Content/gltf/MaterialBodies/MF_Default_Body.uexp" 1385
"../../../Engine/Plugins/Interchange/Assets/Content/gltf/M_Default.uasset" 1386
"../../../Engine/Plugins/Interchange/Assets/Content/gltf/M_Default.uexp" 1387
"../../../Engine/Plugins/Interchange/Assets/Content/gltf/MaterialInstances/MI_Default_Blend.uasset" 1388
"../../../Engine/Plugins/Interchange/Assets/Content/gltf/MaterialInstances/MI_Default_Blend.uexp" 1389
"../../../Engine/Plugins/Interchange/Assets/Content/gltf/MaterialInstances/MI_Default_Blend_DS.uasset" 1390
"../../../Engine/Plugins/Interchange/Assets/Content/gltf/MaterialInstances/MI_Default_Blend_DS.uexp" 1391
"../../../Engine/Plugins/Interchange/Assets/Content/gltf/MaterialInstances/MI_Default_Mask.uasset" 1392
"../../../Engine/Plugins/Interchange/Assets/Content/gltf/MaterialInstances/MI_Default_Mask.uexp" 1393
"../../../Engine/Plugins/Interchange/Assets/Content/gltf/MaterialInstances/MI_Default_Mask_DS.uasset" 1394
"../../../Engine/Plugins/Interchange/Assets/Content/gltf/MaterialInstances/MI_Default_Mask_DS.uexp" 1395
"../../../Engine/Plugins/Interchange/Assets/Content/gltf/MaterialInstances/MI_Default_Opaque.uasset" 1396
"../../../Engine/Plugins/Interchange/Assets/Content/gltf/MaterialInstances/MI_Default_Opaque.uexp" 1397
"../../../Engine/Plugins/Interchange/Assets/Content/gltf/MaterialInstances/MI_Default_Opaque_DS.uasset" 1398
"../../../Engine/Plugins/Interchange/Assets/Content/gltf/MaterialInstances/MI_Default_Opaque_DS.uexp" 1399
"../../../Engine/Plugins/Interchange/Assets/Content/gltf/MaterialFunctions/MF_Sheen.uasset" 1400
"../../../Engine/Plugins/Interchange/Assets/Content/gltf/MaterialFunctions/MF_Sheen.uexp" 1401
"../../../Engine/Plugins/Interchange/Assets/Content/gltf/MaterialBodies/MF_Sheen_Body.uasset" 1402
"../../../Engine/Plugins/Interchange/Assets/Content/gltf/MaterialBodies/MF_Sheen_Body.uexp" 1403
"../../../Engine/Plugins/Interchange/Assets/Content/gltf/M_Sheen.uasset" 1404
"../../../Engine/Plugins/Interchange/Assets/Content/gltf/M_Sheen.uexp" 1405
"../../../Engine/Plugins/Interchange/Assets/Content/gltf/MaterialInstances/MI_Sheen_Blend.uasset" 1406
"../../../Engine/Plugins/Interchange/Assets/Content/gltf/MaterialInstances/MI_Sheen_Blend.uexp" 1407
"../../../Engine/Plugins/Interchange/Assets/Content/gltf/MaterialInstances/MI_Sheen_Blend_DS.uasset" 1408
"../../../Engine/Plugins/Interchange/Assets/Content/gltf/MaterialInstances/MI_Sheen_Blend_DS.uexp" 1409
"../../../Engine/Plugins/Interchange/Assets/Content/gltf/MaterialInstances/MI_Sheen_Mask.uasset" 1410
"../../../Engine/Plugins/Interchange/Assets/Content/gltf/MaterialInstances/MI_Sheen_Mask.uexp" 1411
"../../../Engine/Plugins/Interchange/Assets/Content/gltf/MaterialInstances/MI_Sheen_Mask_DS.uasset" 1412
"../../../Engine/Plugins/Interchange/Assets/Content/gltf/MaterialInstances/MI_Sheen_Mask_DS.uexp" 1413
"../../../Engine/Plugins/Interchange/Assets/Content/gltf/MaterialInstances/MI_Sheen_Opaque.uasset" 1414
"../../../Engine/Plugins/Interchange/Assets/Content/gltf/MaterialInstances/MI_Sheen_Opaque.uexp" 1415
"../../../Engine/Plugins/Interchange/Assets/Content/gltf/MaterialInstances/MI_Sheen_Opaque_DS.uasset" 1416
"../../../Engine/Plugins/Interchange/Assets/Content/gltf/MaterialInstances/MI_Sheen_Opaque_DS.uexp" 1417
"../../../Engine/Content/Functions/Engine_MaterialFunctions02/Math/AddComponents.uasset" 1418
"../../../Engine/Content/Functions/Engine_MaterialFunctions02/Math/AddComponents.uexp" 1419
"../../../Engine/Plugins/Interchange/Assets/Content/gltf/MaterialFunctions/MF_DiffuseSpecGloss.uasset" 1420
"../../../Engine/Plugins/Interchange/Assets/Content/gltf/MaterialFunctions/MF_DiffuseSpecGloss.uexp" 1421
"../../../Engine/Plugins/Interchange/Assets/Content/gltf/MaterialFunctions/MF_PerceivedBrightness.uasset" 1422
"../../../Engine/Plugins/Interchange/Assets/Content/gltf/MaterialFunctions/MF_PerceivedBrightness.uexp" 1423
"../../../Engine/Plugins/Interchange/Assets/Content/gltf/MaterialFunctions/MF_SpecGlossToMetalRoughness.uasset" 1424
"../../../Engine/Plugins/Interchange/Assets/Content/gltf/MaterialFunctions/MF_SpecGlossToMetalRoughness.uexp" 1425
"../../../Engine/Plugins/Interchange/Assets/Content/gltf/MaterialFunctions/MF_MaxComponentValue.uasset" 1426
"../../../Engine/Plugins/Interchange/Assets/Content/gltf/MaterialFunctions/MF_MaxComponentValue.uexp" 1427
"../../../Engine/Plugins/Interchange/Assets/Content/gltf/MaterialBodies/MF_SpecularGlossiness_Body.uasset" 1428
"../../../Engine/Plugins/Interchange/Assets/Content/gltf/MaterialBodies/MF_SpecularGlossiness_Body.uexp" 1429
"../../../Engine/Plugins/Interchange/Assets/Content/gltf/M_SpecularGlossiness.uasset" 1430
"../../../Engine/Plugins/Interchange/Assets/Content/gltf/M_SpecularGlossiness.uexp" 1431
"../../../Engine/Plugins/Interchange/Assets/Content/gltf/MaterialInstances/MI_SpecularGlossiness_Blend.uasset" 1432
"../../../Engine/Plugins/Interchange/Assets/Content/gltf/MaterialInstances/MI_SpecularGlossiness_Blend.uexp" 1433
"../../../Engine/Plugins/Interchange/Assets/Content/gltf/MaterialInstances/MI_SpecularGlossiness_Blend_DS.uasset" 1434
"../../../Engine/Plugins/Interchange/Assets/Content/gltf/MaterialInstances/MI_SpecularGlossiness_Blend_DS.uexp" 1435
"../../../Engine/Plugins/Interchange/Assets/Content/gltf/MaterialInstances/MI_SpecularGlossiness_Mask.uasset" 1436
"../../../Engine/Plugins/Interchange/Assets/Content/gltf/MaterialInstances/MI_SpecularGlossiness_Mask.uexp" 1437
"../../../Engine/Plugins/Interchange/Assets/Content/gltf/MaterialInstances/MI_SpecularGlossiness_Mask_DS.uasset" 1438
"../../../Engine/Plugins/Interchange/Assets/Content/gltf/MaterialInstances/MI_SpecularGlossiness_Mask_DS.uexp" 1439
"../../../Engine/Plugins/Interchange/Assets/Content/gltf/MaterialInstances/MI_SpecularGlossiness_Opaque.uasset" 1440
"../../../Engine/Plugins/Interchange/Assets/Content/gltf/MaterialInstances/MI_SpecularGlossiness_Opaque.uexp" 1441
"../../../Engine/Plugins/Interchange/Assets/Content/gltf/MaterialInstances/MI_SpecularGlossiness_Opaque_DS.uasset" 1442
"../../../Engine/Plugins/Interchange/Assets/Content/gltf/MaterialInstances/MI_SpecularGlossiness_Opaque_DS.uexp" 1443
"../../../Engine/Plugins/Interchange/Assets/Content/gltf/MaterialFunctions/MF_Temporal_Blur.uasset" 1444
"../../../Engine/Plugins/Interchange/Assets/Content/gltf/MaterialFunctions/MF_Temporal_Blur.uexp" 1445
"../../../Engine/Plugins/Interchange/Assets/Content/gltf/MaterialFunctions/MF_Fresnel_DS.uasset" 1446
"../../../Engine/Plugins/Interchange/Assets/Content/gltf/MaterialFunctions/MF_Fresnel_DS.uexp" 1447
"../../../Engine/Plugins/Interchange/Assets/Content/gltf/MaterialFunctions/MF_Transmission.uasset" 1448
"../../../Engine/Plugins/Interchange/Assets/Content/gltf/MaterialFunctions/MF_Transmission.uexp" 1449
"../../../Engine/Plugins/Interchange/Assets/Content/gltf/MaterialBodies/MF_Transmission_Body.uasset" 1450
"../../../Engine/Plugins/Interchange/Assets/Content/gltf/MaterialBodies/MF_Transmission_Body.uexp" 1451
"../../../Engine/Plugins/Interchange/Assets/Content/gltf/M_Transmission.uasset" 1452
"../../../Engine/Plugins/Interchange/Assets/Content/gltf/M_Transmission.uexp" 1453
"../../../Engine/Plugins/Interchange/Assets/Content/gltf/MaterialInstances/MI_Transmission.uasset" 1454
"../../../Engine/Plugins/Interchange/Assets/Content/gltf/MaterialInstances/MI_Transmission.uexp" 1455
"../../../Engine/Plugins/Interchange/Assets/Content/gltf/MaterialInstances/MI_Transmission_DS.uasset" 1456
"../../../Engine/Plugins/Interchange/Assets/Content/gltf/MaterialInstances/MI_Transmission_DS.uexp" 1457
"../../../Engine/Plugins/Interchange/Assets/Content/gltf/MaterialBodies/MF_Unlit_Body.uasset" 1458
"../../../Engine/Plugins/Interchange/Assets/Content/gltf/MaterialBodies/MF_Unlit_Body.uexp" 1459
"../../../Engine/Plugins/Interchange/Assets/Content/gltf/M_Unlit.uasset" 1460
"../../../Engine/Plugins/Interchange/Assets/Content/gltf/M_Unlit.uexp" 1461
"../../../Engine/Plugins/Interchange/Assets/Content/gltf/MaterialInstances/MI_Unlit_Blend.uasset" 1462
"../../../Engine/Plugins/Interchange/Assets/Content/gltf/MaterialInstances/MI_Unlit_Blend.uexp" 1463
"../../../Engine/Plugins/Interchange/Assets/Content/gltf/MaterialInstances/MI_Unlit_Blend_DS.uasset" 1464
"../../../Engine/Plugins/Interchange/Assets/Content/gltf/MaterialInstances/MI_Unlit_Blend_DS.uexp" 1465
"../../../Engine/Plugins/Interchange/Assets/Content/gltf/MaterialInstances/MI_Unlit_Mask.uasset" 1466
"../../../Engine/Plugins/Interchange/Assets/Content/gltf/MaterialInstances/MI_Unlit_Mask.uexp" 1467
"../../../Engine/Plugins/Interchange/Assets/Content/gltf/MaterialInstances/MI_Unlit_Mask_DS.uasset" 1468
"../../../Engine/Plugins/Interchange/Assets/Content/gltf/MaterialInstances/MI_Unlit_Mask_DS.uexp" 1469
"../../../Engine/Plugins/Interchange/Assets/Content/gltf/MaterialInstances/MI_Unlit_Opaque.uasset" 1470
"../../../Engine/Plugins/Interchange/Assets/Content/gltf/MaterialInstances/MI_Unlit_Opaque.uexp" 1471
"../../../Engine/Plugins/Interchange/Assets/Content/gltf/MaterialInstances/MI_Unlit_Opaque_DS.uasset" 1472
"../../../Engine/Plugins/Interchange/Assets/Content/gltf/MaterialInstances/MI_Unlit_Opaque_DS.uexp" 1473
"../../../Engine/Content/EngineMaterials/DefaultMaterial.uasset" 1474
"../../../Engine/Content/EngineMaterials/DefaultMaterial.uexp" 1475
"../../../Engine/Content/BasicShapes/Cone.ubulk" 1476
"../../../Engine/Content/BasicShapes/Cone.uasset" 1477
"../../../Engine/Content/BasicShapes/Cone.uexp" 1478
"../../../Engine/Content/BasicShapes/Cylinder.ubulk" 1479
"../../../Engine/Content/BasicShapes/Cylinder.uasset" 1480
"../../../Engine/Content/BasicShapes/Cylinder.uexp" 1481
"../../../Engine/Content/EditorLandscapeResources/SplineEditorMeshMat.uasset" 1482
"../../../Engine/Content/EditorLandscapeResources/SplineEditorMeshMat.uexp" 1483
"../../../Engine/Content/EditorLandscapeResources/SplineEditorMesh.ubulk" 1484
"../../../Engine/Content/EditorLandscapeResources/SplineEditorMesh.uasset" 1485
"../../../Engine/Content/EditorLandscapeResources/SplineEditorMesh.uexp" 1486
"../../../Engine/Content/EngineMaterials/WeightMapPlaceholderTexture.uasset" 1487
"../../../Engine/Content/EngineMaterials/WeightMapPlaceholderTexture.uexp" 1488
"../../../Engine/Content/EngineMaterials/WeightMapArrayPlaceholderTexture.uasset" 1489
"../../../Engine/Content/EngineMaterials/WeightMapArrayPlaceholderTexture.uexp" 1490
"../../../Engine/Content/EngineResources/WhiteSquareTexture.uasset" 1491
"../../../Engine/Content/EngineResources/WhiteSquareTexture.uexp" 1492
"../../../Engine/Content/EngineMaterials/Widget3DPassThrough.uasset" 1493
"../../../Engine/Content/EngineMaterials/Widget3DPassThrough.uexp" 1494
"../../../Engine/Content/EngineMaterials/Widget3DPassThrough_Masked.uasset" 1495
"../../../Engine/Content/EngineMaterials/Widget3DPassThrough_Masked.uexp" 1496
"../../../Engine/Content/EngineMaterials/Widget3DPassThrough_Opaque.uasset" 1497
"../../../Engine/Content/EngineMaterials/Widget3DPassThrough_Opaque.uexp" 1498
"../../../Engine/Content/EngineMaterials/Widget3DPassThrough_Masked_OneSided.uasset" 1499
"../../../Engine/Content/EngineMaterials/Widget3DPassThrough_Masked_OneSided.uexp" 1500
"../../../Engine/Content/EngineMaterials/Widget3DPassThrough_Opaque_OneSided.uasset" 1501
"../../../Engine/Content/EngineMaterials/Widget3DPassThrough_Opaque_OneSided.uexp" 1502
"../../../Engine/Content/EngineMaterials/Widget3DPassThrough_Translucent.uasset" 1503
"../../../Engine/Content/EngineMaterials/Widget3DPassThrough_Translucent.uexp" 1504
"../../../Engine/Content/EngineMaterials/Widget3DPassThrough_Translucent_OneSided.uasset" 1505
"../../../Engine/Content/EngineMaterials/Widget3DPassThrough_Translucent_OneSided.uexp" 1506
"../../../Engine/Plugins/2D/Paper2D/Content/DefaultSpriteMaterial.uasset" 1507
"../../../Engine/Plugins/2D/Paper2D/Content/DefaultSpriteMaterial.uexp" 1508
"../../../Engine/Plugins/2D/Paper2D/Content/MaskedUnlitSpriteMaterial.uasset" 1509
"../../../Engine/Plugins/2D/Paper2D/Content/MaskedUnlitSpriteMaterial.uexp" 1510
"../../../Engine/Plugins/2D/Paper2D/Content/OpaqueUnlitSpriteMaterial.uasset" 1511
"../../../Engine/Plugins/2D/Paper2D/Content/OpaqueUnlitSpriteMaterial.uexp" 1512
"../../../Engine/Plugins/Animation/ControlRig/Content/Controls/ControlRig_Arrow2_1mm.ubulk" 1513
"../../../Engine/Plugins/Animation/ControlRig/Content/Controls/ControlRig_Arrow2_1mm.uasset" 1514
"../../../Engine/Plugins/Animation/ControlRig/Content/Controls/ControlRig_Arrow2_1mm.uexp" 1515
"../../../Engine/Plugins/Animation/ControlRig/Content/Controls/ControlRig_Arrow2_3mm.ubulk" 1516
"../../../Engine/Plugins/Animation/ControlRig/Content/Controls/ControlRig_Arrow2_3mm.uasset" 1517
"../../../Engine/Plugins/Animation/ControlRig/Content/Controls/ControlRig_Arrow2_3mm.uexp" 1518
"../../../Engine/Plugins/Animation/ControlRig/Content/Controls/ControlRig_Arrow2_solid.ubulk" 1519
"../../../Engine/Plugins/Animation/ControlRig/Content/Controls/ControlRig_Arrow2_solid.uasset" 1520
"../../../Engine/Plugins/Animation/ControlRig/Content/Controls/ControlRig_Arrow2_solid.uexp" 1521
"../../../Engine/Plugins/Animation/ControlRig/Content/Controls/ControlRig_Arrow4_1mm.ubulk" 1522
"../../../Engine/Plugins/Animation/ControlRig/Content/Controls/ControlRig_Arrow4_1mm.uasset" 1523
"../../../Engine/Plugins/Animation/ControlRig/Content/Controls/ControlRig_Arrow4_1mm.uexp" 1524
"../../../Engine/Plugins/Animation/ControlRig/Content/Controls/ControlRig_Arrow4_3mm.ubulk" 1525
"../../../Engine/Plugins/Animation/ControlRig/Content/Controls/ControlRig_Arrow4_3mm.uasset" 1526
"../../../Engine/Plugins/Animation/ControlRig/Content/Controls/ControlRig_Arrow4_3mm.uexp" 1527
"../../../Engine/Plugins/Animation/ControlRig/Content/Controls/ControlRig_Arrow4_solid.ubulk" 1528
"../../../Engine/Plugins/Animation/ControlRig/Content/Controls/ControlRig_Arrow4_solid.uasset" 1529
"../../../Engine/Plugins/Animation/ControlRig/Content/Controls/ControlRig_Arrow4_solid.uexp" 1530
"../../../Engine/Plugins/Animation/ControlRig/Content/Controls/ControlRig_Arrow_1mm.ubulk" 1531
"../../../Engine/Plugins/Animation/ControlRig/Content/Controls/ControlRig_Arrow_1mm.uasset" 1532
"../../../Engine/Plugins/Animation/ControlRig/Content/Controls/ControlRig_Arrow_1mm.uexp" 1533
"../../../Engine/Plugins/Animation/ControlRig/Content/Controls/ControlRig_Arrow_3mm.ubulk" 1534
"../../../Engine/Plugins/Animation/ControlRig/Content/Controls/ControlRig_Arrow_3mm.uasset" 1535
"../../../Engine/Plugins/Animation/ControlRig/Content/Controls/ControlRig_Arrow_3mm.uexp" 1536
"../../../Engine/Plugins/Animation/ControlRig/Content/Controls/ControlRig_Arrow_solid.ubulk" 1537
"../../../Engine/Plugins/Animation/ControlRig/Content/Controls/ControlRig_Arrow_solid.uasset" 1538
"../../../Engine/Plugins/Animation/ControlRig/Content/Controls/ControlRig_Arrow_solid.uexp" 1539
"../../../Engine/Plugins/Animation/ControlRig/Content/Controls/ControlRig_Box_1mm.ubulk" 1540
"../../../Engine/Plugins/Animation/ControlRig/Content/Controls/ControlRig_Box_1mm.uasset" 1541
"../../../Engine/Plugins/Animation/ControlRig/Content/Controls/ControlRig_Box_1mm.uexp" 1542
"../../../Engine/Plugins/Animation/ControlRig/Content/Controls/ControlRig_Box_3mm.ubulk" 1543
"../../../Engine/Plugins/Animation/ControlRig/Content/Controls/ControlRig_Box_3mm.uasset" 1544
"../../../Engine/Plugins/Animation/ControlRig/Content/Controls/ControlRig_Box_3mm.uexp" 1545
"../../../Engine/Plugins/Animation/ControlRig/Content/Controls/ControlRig_Box_solid.ubulk" 1546
"../../../Engine/Plugins/Animation/ControlRig/Content/Controls/ControlRig_Box_solid.uasset" 1547
"../../../Engine/Plugins/Animation/ControlRig/Content/Controls/ControlRig_Box_solid.uexp" 1548
"../../../Engine/Plugins/Animation/ControlRig/Content/Controls/ControlRig_Circle_1mm.ubulk" 1549
"../../../Engine/Plugins/Animation/ControlRig/Content/Controls/ControlRig_Circle_1mm.uasset" 1550
"../../../Engine/Plugins/Animation/ControlRig/Content/Controls/ControlRig_Circle_1mm.uexp" 1551
"../../../Engine/Plugins/Animation/ControlRig/Content/Controls/ControlRig_Circle_3mm.ubulk" 1552
"../../../Engine/Plugins/Animation/ControlRig/Content/Controls/ControlRig_Circle_3mm.uasset" 1553
"../../../Engine/Plugins/Animation/ControlRig/Content/Controls/ControlRig_Circle_3mm.uexp" 1554
"../../../Engine/Plugins/Animation/ControlRig/Content/Controls/ControlRig_Circle_solid.ubulk" 1555
"../../../Engine/Plugins/Animation/ControlRig/Content/Controls/ControlRig_Circle_solid.uasset" 1556
"../../../Engine/Plugins/Animation/ControlRig/Content/Controls/ControlRig_Circle_solid.uexp" 1557
"../../../Engine/Plugins/Animation/ControlRig/Content/Controls/ControlRig_Diamond_1mm.ubulk" 1558
"../../../Engine/Plugins/Animation/ControlRig/Content/Controls/ControlRig_Diamond_1mm.uasset" 1559
"../../../Engine/Plugins/Animation/ControlRig/Content/Controls/ControlRig_Diamond_1mm.uexp" 1560
"../../../Engine/Plugins/Animation/ControlRig/Content/Controls/ControlRig_Diamond_3mm.ubulk" 1561
"../../../Engine/Plugins/Animation/ControlRig/Content/Controls/ControlRig_Diamond_3mm.uasset" 1562
"../../../Engine/Plugins/Animation/ControlRig/Content/Controls/ControlRig_Diamond_3mm.uexp" 1563
"../../../Engine/Plugins/Animation/ControlRig/Content/Controls/ControlRig_Diamond_solid.ubulk" 1564
"../../../Engine/Plugins/Animation/ControlRig/Content/Controls/ControlRig_Diamond_solid.uasset" 1565
"../../../Engine/Plugins/Animation/ControlRig/Content/Controls/ControlRig_Diamond_solid.uexp" 1566
"../../../Engine/Plugins/Animation/ControlRig/Content/Controls/ControlRig_HalfCircle_1mm.ubulk" 1567
"../../../Engine/Plugins/Animation/ControlRig/Content/Controls/ControlRig_HalfCircle_1mm.uasset" 1568
"../../../Engine/Plugins/Animation/ControlRig/Content/Controls/ControlRig_HalfCircle_1mm.uexp" 1569
"../../../Engine/Plugins/Animation/ControlRig/Content/Controls/ControlRig_HalfCircle_3mm.ubulk" 1570
"../../../Engine/Plugins/Animation/ControlRig/Content/Controls/ControlRig_HalfCircle_3mm.uasset" 1571
"../../../Engine/Plugins/Animation/ControlRig/Content/Controls/ControlRig_HalfCircle_3mm.uexp" 1572
"../../../Engine/Plugins/Animation/ControlRig/Content/Controls/ControlRig_HalfCircle_solid.ubulk" 1573
"../../../Engine/Plugins/Animation/ControlRig/Content/Controls/ControlRig_HalfCircle_solid.uasset" 1574
"../../../Engine/Plugins/Animation/ControlRig/Content/Controls/ControlRig_HalfCircle_solid.uexp" 1575
"../../../Engine/Plugins/Animation/ControlRig/Content/Controls/ControlRig_Hexagon_1mm.ubulk" 1576
"../../../Engine/Plugins/Animation/ControlRig/Content/Controls/ControlRig_Hexagon_1mm.uasset" 1577
"../../../Engine/Plugins/Animation/ControlRig/Content/Controls/ControlRig_Hexagon_1mm.uexp" 1578
"../../../Engine/Plugins/Animation/ControlRig/Content/Controls/ControlRig_Hexagon_3mm.ubulk" 1579
"../../../Engine/Plugins/Animation/ControlRig/Content/Controls/ControlRig_Hexagon_3mm.uasset" 1580
"../../../Engine/Plugins/Animation/ControlRig/Content/Controls/ControlRig_Hexagon_3mm.uexp" 1581
"../../../Engine/Plugins/Animation/ControlRig/Content/Controls/ControlRig_Hexagon_solid.ubulk" 1582
"../../../Engine/Plugins/Animation/ControlRig/Content/Controls/ControlRig_Hexagon_solid.uasset" 1583
"../../../Engine/Plugins/Animation/ControlRig/Content/Controls/ControlRig_Hexagon_solid.uexp" 1584
"../../../Engine/Plugins/Animation/ControlRig/Content/Controls/ControlRig_Octagon_1mm.ubulk" 1585
"../../../Engine/Plugins/Animation/ControlRig/Content/Controls/ControlRig_Octagon_1mm.uasset" 1586
"../../../Engine/Plugins/Animation/ControlRig/Content/Controls/ControlRig_Octagon_1mm.uexp" 1587
"../../../Engine/Plugins/Animation/ControlRig/Content/Controls/ControlRig_Octagon_3mm.ubulk" 1588
"../../../Engine/Plugins/Animation/ControlRig/Content/Controls/ControlRig_Octagon_3mm.uasset" 1589
"../../../Engine/Plugins/Animation/ControlRig/Content/Controls/ControlRig_Octagon_3mm.uexp" 1590
"../../../Engine/Plugins/Animation/ControlRig/Content/Controls/ControlRig_Octagon_solid.ubulk" 1591
"../../../Engine/Plugins/Animation/ControlRig/Content/Controls/ControlRig_Octagon_solid.uasset" 1592
"../../../Engine/Plugins/Animation/ControlRig/Content/Controls/ControlRig_Octagon_solid.uexp" 1593
"../../../Engine/Plugins/Animation/ControlRig/Content/Controls/ControlRig_Pyramid_1mm.ubulk" 1594
"../../../Engine/Plugins/Animation/ControlRig/Content/Controls/ControlRig_Pyramid_1mm.uasset" 1595
"../../../Engine/Plugins/Animation/ControlRig/Content/Controls/ControlRig_Pyramid_1mm.uexp" 1596
"../../../Engine/Plugins/Animation/ControlRig/Content/Controls/ControlRig_Pyramid_3mm.ubulk" 1597
"../../../Engine/Plugins/Animation/ControlRig/Content/Controls/ControlRig_Pyramid_3mm.uasset" 1598
"../../../Engine/Plugins/Animation/ControlRig/Content/Controls/ControlRig_Pyramid_3mm.uexp" 1599
"../../../Engine/Plugins/Animation/ControlRig/Content/Controls/ControlRig_Pyramid_solid.ubulk" 1600
"../../../Engine/Plugins/Animation/ControlRig/Content/Controls/ControlRig_Pyramid_solid.uasset" 1601
"../../../Engine/Plugins/Animation/ControlRig/Content/Controls/ControlRig_Pyramid_solid.uexp" 1602
"../../../Engine/Plugins/Animation/ControlRig/Content/Controls/ControlRig_QuarterCircle_1mm.ubulk" 1603
"../../../Engine/Plugins/Animation/ControlRig/Content/Controls/ControlRig_QuarterCircle_1mm.uasset" 1604
"../../../Engine/Plugins/Animation/ControlRig/Content/Controls/ControlRig_QuarterCircle_1mm.uexp" 1605
"../../../Engine/Plugins/Animation/ControlRig/Content/Controls/ControlRig_QuarterCircle_3mm.ubulk" 1606
"../../../Engine/Plugins/Animation/ControlRig/Content/Controls/ControlRig_QuarterCircle_3mm.uasset" 1607
"../../../Engine/Plugins/Animation/ControlRig/Content/Controls/ControlRig_QuarterCircle_3mm.uexp" 1608
"../../../Engine/Plugins/Animation/ControlRig/Content/Controls/ControlRig_QuarterCircle_solid.ubulk" 1609
"../../../Engine/Plugins/Animation/ControlRig/Content/Controls/ControlRig_QuarterCircle_solid.uasset" 1610
"../../../Engine/Plugins/Animation/ControlRig/Content/Controls/ControlRig_QuarterCircle_solid.uexp" 1611
"../../../Engine/Plugins/Animation/ControlRig/Content/Controls/ControlRig_RoundedSquare_1mm.ubulk" 1612
"../../../Engine/Plugins/Animation/ControlRig/Content/Controls/ControlRig_RoundedSquare_1mm.uasset" 1613
"../../../Engine/Plugins/Animation/ControlRig/Content/Controls/ControlRig_RoundedSquare_1mm.uexp" 1614
"../../../Engine/Plugins/Animation/ControlRig/Content/Controls/ControlRig_RoundedSquare_3mm.ubulk" 1615
"../../../Engine/Plugins/Animation/ControlRig/Content/Controls/ControlRig_RoundedSquare_3mm.uasset" 1616
"../../../Engine/Plugins/Animation/ControlRig/Content/Controls/ControlRig_RoundedSquare_3mm.uexp" 1617
"../../../Engine/Plugins/Animation/ControlRig/Content/Controls/ControlRig_RoundedSquare_solid.ubulk" 1618
"../../../Engine/Plugins/Animation/ControlRig/Content/Controls/ControlRig_RoundedSquare_solid.uasset" 1619
"../../../Engine/Plugins/Animation/ControlRig/Content/Controls/ControlRig_RoundedSquare_solid.uexp" 1620
"../../../Engine/Plugins/Animation/ControlRig/Content/Controls/ControlRig_RoundedTriangle_1mm.ubulk" 1621
"../../../Engine/Plugins/Animation/ControlRig/Content/Controls/ControlRig_RoundedTriangle_1mm.uasset" 1622
"../../../Engine/Plugins/Animation/ControlRig/Content/Controls/ControlRig_RoundedTriangle_1mm.uexp" 1623
"../../../Engine/Plugins/Animation/ControlRig/Content/Controls/ControlRig_RoundedTriangle_3mm.ubulk" 1624
"../../../Engine/Plugins/Animation/ControlRig/Content/Controls/ControlRig_RoundedTriangle_3mm.uasset" 1625
"../../../Engine/Plugins/Animation/ControlRig/Content/Controls/ControlRig_RoundedTriangle_3mm.uexp" 1626
"../../../Engine/Plugins/Animation/ControlRig/Content/Controls/ControlRig_RoundedTriangle_solid.ubulk" 1627
"../../../Engine/Plugins/Animation/ControlRig/Content/Controls/ControlRig_RoundedTriangle_solid.uasset" 1628
"../../../Engine/Plugins/Animation/ControlRig/Content/Controls/ControlRig_RoundedTriangle_solid.uexp" 1629
"../../../Engine/Plugins/Animation/ControlRig/Content/Controls/ControlRig_Sphere_1mm.ubulk" 1630
"../../../Engine/Plugins/Animation/ControlRig/Content/Controls/ControlRig_Sphere_1mm.uasset" 1631
"../../../Engine/Plugins/Animation/ControlRig/Content/Controls/ControlRig_Sphere_1mm.uexp" 1632
"../../../Engine/Plugins/Animation/ControlRig/Content/Controls/ControlRig_Sphere_3mm.ubulk" 1633
"../../../Engine/Plugins/Animation/ControlRig/Content/Controls/ControlRig_Sphere_3mm.uasset" 1634
"../../../Engine/Plugins/Animation/ControlRig/Content/Controls/ControlRig_Sphere_3mm.uexp" 1635
"../../../Engine/Plugins/Animation/ControlRig/Content/Controls/ControlRig_Sphere_solid.ubulk" 1636
"../../../Engine/Plugins/Animation/ControlRig/Content/Controls/ControlRig_Sphere_solid.uasset" 1637
"../../../Engine/Plugins/Animation/ControlRig/Content/Controls/ControlRig_Sphere_solid.uexp" 1638
"../../../Engine/Plugins/Animation/ControlRig/Content/Controls/ControlRig_Square_1mm.ubulk" 1639
"../../../Engine/Plugins/Animation/ControlRig/Content/Controls/ControlRig_Square_1mm.uasset" 1640
"../../../Engine/Plugins/Animation/ControlRig/Content/Controls/ControlRig_Square_1mm.uexp" 1641
"../../../Engine/Plugins/Animation/ControlRig/Content/Controls/ControlRig_Square_3mm.ubulk" 1642
"../../../Engine/Plugins/Animation/ControlRig/Content/Controls/ControlRig_Square_3mm.uasset" 1643
"../../../Engine/Plugins/Animation/ControlRig/Content/Controls/ControlRig_Square_3mm.uexp" 1644
"../../../Engine/Plugins/Animation/ControlRig/Content/Controls/ControlRig_Square_solid.ubulk" 1645
"../../../Engine/Plugins/Animation/ControlRig/Content/Controls/ControlRig_Square_solid.uasset" 1646
"../../../Engine/Plugins/Animation/ControlRig/Content/Controls/ControlRig_Square_solid.uexp" 1647
"../../../Engine/Plugins/Animation/ControlRig/Content/Controls/ControlRig_Star4_1mm.ubulk" 1648
"../../../Engine/Plugins/Animation/ControlRig/Content/Controls/ControlRig_Star4_1mm.uasset" 1649
"../../../Engine/Plugins/Animation/ControlRig/Content/Controls/ControlRig_Star4_1mm.uexp" 1650
"../../../Engine/Plugins/Animation/ControlRig/Content/Controls/ControlRig_Star4_3mm.ubulk" 1651
"../../../Engine/Plugins/Animation/ControlRig/Content/Controls/ControlRig_Star4_3mm.uasset" 1652
"../../../Engine/Plugins/Animation/ControlRig/Content/Controls/ControlRig_Star4_3mm.uexp" 1653
"../../../Engine/Plugins/Animation/ControlRig/Content/Controls/ControlRig_Star4_solid.ubulk" 1654
"../../../Engine/Plugins/Animation/ControlRig/Content/Controls/ControlRig_Star4_solid.uasset" 1655
"../../../Engine/Plugins/Animation/ControlRig/Content/Controls/ControlRig_Star4_solid.uexp" 1656
"../../../Engine/Plugins/Animation/ControlRig/Content/Controls/ControlRig_Triangle_1mm.ubulk" 1657
"../../../Engine/Plugins/Animation/ControlRig/Content/Controls/ControlRig_Triangle_1mm.uasset" 1658
"../../../Engine/Plugins/Animation/ControlRig/Content/Controls/ControlRig_Triangle_1mm.uexp" 1659
"../../../Engine/Plugins/Animation/ControlRig/Content/Controls/ControlRig_Triangle_3mm.ubulk" 1660
"../../../Engine/Plugins/Animation/ControlRig/Content/Controls/ControlRig_Triangle_3mm.uasset" 1661
"../../../Engine/Plugins/Animation/ControlRig/Content/Controls/ControlRig_Triangle_3mm.uexp" 1662
"../../../Engine/Plugins/Animation/ControlRig/Content/Controls/ControlRig_Triangle_solid.ubulk" 1663
"../../../Engine/Plugins/Animation/ControlRig/Content/Controls/ControlRig_Triangle_solid.uasset" 1664
"../../../Engine/Plugins/Animation/ControlRig/Content/Controls/ControlRig_Triangle_solid.uexp" 1665
"../../../Engine/Plugins/Animation/ControlRig/Content/Controls/ControlRig_Wedge_1mm.ubulk" 1666
"../../../Engine/Plugins/Animation/ControlRig/Content/Controls/ControlRig_Wedge_1mm.uasset" 1667
"../../../Engine/Plugins/Animation/ControlRig/Content/Controls/ControlRig_Wedge_1mm.uexp" 1668
"../../../Engine/Plugins/Animation/ControlRig/Content/Controls/ControlRig_Wedge_3mm.ubulk" 1669
"../../../Engine/Plugins/Animation/ControlRig/Content/Controls/ControlRig_Wedge_3mm.uasset" 1670
"../../../Engine/Plugins/Animation/ControlRig/Content/Controls/ControlRig_Wedge_3mm.uexp" 1671
"../../../Engine/Plugins/Animation/ControlRig/Content/Controls/ControlRig_Wedge_solid.ubulk" 1672
"../../../Engine/Plugins/Animation/ControlRig/Content/Controls/ControlRig_Wedge_solid.uasset" 1673
"../../../Engine/Plugins/Animation/ControlRig/Content/Controls/ControlRig_Wedge_solid.uexp" 1674
"../../../Engine/Plugins/Media/MediaPlate/Content/SM_MediaPlateScreen.ubulk" 1675
"../../../Engine/Plugins/Media/MediaPlate/Content/SM_MediaPlateScreen.uasset" 1676
"../../../Engine/Plugins/Media/MediaPlate/Content/SM_MediaPlateScreen.uexp" 1677
"../../../Engine/Plugins/NNE/NNEDenoiser/Content/NNEDIM_ColorAlbedoNormal_Alpha.uasset" 1678
"../../../Engine/Plugins/NNE/NNEDenoiser/Content/NNEDIM_ColorAlbedoNormal_Alpha.uexp" 1679
"../../../Engine/Plugins/NNE/NNEDenoiser/Content/NNEDIM_ColorAlbedoNormal_Default.uasset" 1680
"../../../Engine/Plugins/NNE/NNEDenoiser/Content/NNEDIM_ColorAlbedoNormal_Default.uexp" 1681
"../../../Engine/Plugins/NNE/NNEDenoiser/Content/NNEDIM_HighQuality_Alpha.uasset" 1682
"../../../Engine/Plugins/NNE/NNEDenoiser/Content/NNEDIM_HighQuality_Alpha.uexp" 1683
"../../../Engine/Plugins/NNE/NNEDenoiser/Content/NNEDIM_HighQuality_Default.uasset" 1684
"../../../Engine/Plugins/NNE/NNEDenoiser/Content/NNEDIM_HighQuality_Default.uexp" 1685
"../../../Engine/Plugins/NNE/NNEDenoiser/Content/NNEDOM_Output_Alpha.uasset" 1686
"../../../Engine/Plugins/NNE/NNEDenoiser/Content/NNEDOM_Output_Alpha.uexp" 1687
"../../../Engine/Plugins/NNE/NNEDenoiser/Content/NNEDOM_Output_Default.uasset" 1688
"../../../Engine/Plugins/NNE/NNEDenoiser/Content/NNEDOM_Output_Default.uexp" 1689
"../../../Engine/Plugins/NNE/NNEDenoiser/Content/NNEDTIM_ColorAlbedoNormal_Alpha.uasset" 1690
"../../../Engine/Plugins/NNE/NNEDenoiser/Content/NNEDTIM_ColorAlbedoNormal_Alpha.uexp" 1691
"../../../Engine/Plugins/NNE/NNEDenoiser/Content/NNEDTIM_ColorAlbedoNormal_Default.uasset" 1692
"../../../Engine/Plugins/NNE/NNEDenoiser/Content/NNEDTIM_ColorAlbedoNormal_Default.uexp" 1693
"../../../Engine/Plugins/NNE/NNEDenoiser/Content/NNEDTOM_Output_Alpha.uasset" 1694
"../../../Engine/Plugins/NNE/NNEDenoiser/Content/NNEDTOM_Output_Alpha.uexp" 1695
"../../../Engine/Plugins/NNE/NNEDenoiser/Content/NNEDTOM_Output_Default.uasset" 1696
"../../../Engine/Plugins/NNE/NNEDenoiser/Content/NNEDTOM_Output_Default.uexp" 1697
"../../../Engine/Content/Functions/Engine_MaterialFunctions01/Texturing/ScaleUVsByCenter.uasset" 1698
"../../../Engine/Content/Functions/Engine_MaterialFunctions01/Texturing/ScaleUVsByCenter.uexp" 1699
"../../../Engine/Content/Functions/Engine_MaterialFunctions01/Gradient/GeneratedRoundRect.uasset" 1700
"../../../Engine/Content/Functions/Engine_MaterialFunctions01/Gradient/GeneratedRoundRect.uexp" 1701
"../../../Engine/Plugins/Runtime/AudioWidgets/Content/AudioMaterialSlate/Functions/MF_DotOutlined.uasset" 1702
"../../../Engine/Plugins/Runtime/AudioWidgets/Content/AudioMaterialSlate/Functions/MF_DotOutlined.uexp" 1703
"../../../Engine/Plugins/Runtime/AudioWidgets/Content/AudioMaterialSlate/M_AudioMaterialEnvelope_ADSR.uasset" 1704
"../../../Engine/Plugins/Runtime/AudioWidgets/Content/AudioMaterialSlate/M_AudioMaterialEnvelope_ADSR.uexp" 1705
"../../../Engine/Plugins/Runtime/AudioWidgets/Content/AudioMaterialSlate/MI_AudioMaterialEnvelope_ADSR.uasset" 1706
"../../../Engine/Plugins/Runtime/AudioWidgets/Content/AudioMaterialSlate/MI_AudioMaterialEnvelope_ADSR.uexp" 1707
"../../../Engine/Plugins/Runtime/AudioWidgets/Content/AudioMaterialSlate/Functions/MF_SingleLine_Smooth.uasset" 1708
"../../../Engine/Plugins/Runtime/AudioWidgets/Content/AudioMaterialSlate/Functions/MF_SingleLine_Smooth.uexp" 1709
"../../../Engine/Plugins/Runtime/AudioWidgets/Content/AudioMaterialSlate/Functions/MF_AngleGradient.uasset" 1710
"../../../Engine/Plugins/Runtime/AudioWidgets/Content/AudioMaterialSlate/Functions/MF_AngleGradient.uexp" 1711
"../../../Engine/Content/Functions/Engine_MaterialFunctions02/Lerp_3Color.uasset" 1712
"../../../Engine/Content/Functions/Engine_MaterialFunctions02/Lerp_3Color.uexp" 1713
"../../../Engine/Plugins/Runtime/AudioWidgets/Content/AudioMaterialSlate/M_AudioMaterialKnob.uasset" 1714
"../../../Engine/Plugins/Runtime/AudioWidgets/Content/AudioMaterialSlate/M_AudioMaterialKnob.uexp" 1715
"../../../Engine/Plugins/Runtime/AudioWidgets/Content/AudioMaterialSlate/MI_AudioMaterialKnob.uasset" 1716
"../../../Engine/Plugins/Runtime/AudioWidgets/Content/AudioMaterialSlate/MI_AudioMaterialKnob.uexp" 1717
"../../../Engine/Plugins/Runtime/AudioWidgets/Content/AudioMaterialSlate/Functions/MF_Lines.uasset" 1718
"../../../Engine/Plugins/Runtime/AudioWidgets/Content/AudioMaterialSlate/Functions/MF_Lines.uexp" 1719
"../../../Engine/Plugins/Runtime/AudioWidgets/Content/AudioMaterialSlate/M_AudioMaterialMeter.uasset" 1720
"../../../Engine/Plugins/Runtime/AudioWidgets/Content/AudioMaterialSlate/M_AudioMaterialMeter.uexp" 1721
"../../../Engine/Plugins/Runtime/AudioWidgets/Content/AudioMaterialSlate/MI_AudioMaterialMeter.uasset" 1722
"../../../Engine/Plugins/Runtime/AudioWidgets/Content/AudioMaterialSlate/MI_AudioMaterialMeter.uexp" 1723
"../../../Engine/Plugins/Runtime/AudioWidgets/Content/AudioMaterialSlate/M_AudioMaterialRoundedSlider.uasset" 1724
"../../../Engine/Plugins/Runtime/AudioWidgets/Content/AudioMaterialSlate/M_AudioMaterialRoundedSlider.uexp" 1725
"../../../Engine/Plugins/Runtime/AudioWidgets/Content/AudioMaterialSlate/MI_AudioMaterialRoundedSlider.uasset" 1726
"../../../Engine/Plugins/Runtime/AudioWidgets/Content/AudioMaterialSlate/MI_AudioMaterialRoundedSlider.uexp" 1727
"../../../Engine/Plugins/Runtime/AudioWidgets/Content/AudioMaterialSlate/Functions/MF_SingleLine.uasset" 1728
"../../../Engine/Plugins/Runtime/AudioWidgets/Content/AudioMaterialSlate/Functions/MF_SingleLine.uexp" 1729
"../../../Engine/Plugins/Runtime/AudioWidgets/Content/AudioMaterialSlate/M_AudioMaterialToggleButton.uasset" 1730
"../../../Engine/Plugins/Runtime/AudioWidgets/Content/AudioMaterialSlate/M_AudioMaterialToggleButton.uexp" 1731
"../../../Engine/Plugins/Runtime/AudioWidgets/Content/AudioMaterialSlate/MI_AudioMaterialToggleButton.uasset" 1732
"../../../Engine/Plugins/Runtime/AudioWidgets/Content/AudioMaterialSlate/MI_AudioMaterialToggleButton.uexp" 1733
"C:/Users/DedPyps/Documents/Unreal Projects/zombie_dead/Content/Fab/Megascans/3D/Wooden_Pallet_texcdfcda/Medium/T_texcdfcda_2K_N.ubulk" 1734
"C:/Users/DedPyps/Documents/Unreal Projects/zombie_dead/Content/Fab/Megascans/3D/Wooden_Pallet_texcdfcda/Medium/T_texcdfcda_2K_N.uasset" 1735
"C:/Users/DedPyps/Documents/Unreal Projects/zombie_dead/Content/Fab/Megascans/3D/Wooden_Pallet_texcdfcda/Medium/T_texcdfcda_2K_N.uexp" 1736
"C:/Users/DedPyps/Documents/Unreal Projects/zombie_dead/Content/Fab/Megascans/3D/Wooden_Pallet_texcdfcda/Medium/T_texcdfcda_2K_B.ubulk" 1737
"C:/Users/DedPyps/Documents/Unreal Projects/zombie_dead/Content/Fab/Megascans/3D/Wooden_Pallet_texcdfcda/Medium/T_texcdfcda_2K_B.uasset" 1738
"C:/Users/DedPyps/Documents/Unreal Projects/zombie_dead/Content/Fab/Megascans/3D/Wooden_Pallet_texcdfcda/Medium/T_texcdfcda_2K_B.uexp" 1739
"C:/Users/DedPyps/Documents/Unreal Projects/zombie_dead/Content/Fab/Megascans/3D/Wooden_Pallet_texcdfcda/Medium/T_texcdfcda_2K_ORM.ubulk" 1740
"C:/Users/DedPyps/Documents/Unreal Projects/zombie_dead/Content/Fab/Megascans/3D/Wooden_Pallet_texcdfcda/Medium/T_texcdfcda_2K_ORM.uasset" 1741
"C:/Users/DedPyps/Documents/Unreal Projects/zombie_dead/Content/Fab/Megascans/3D/Wooden_Pallet_texcdfcda/Medium/T_texcdfcda_2K_ORM.uexp" 1742
"C:/Users/DedPyps/Documents/Unreal Projects/zombie_dead/Content/Fab/Megascans/3D/Wooden_Pallet_texcdfcda/Medium/MI_texcdfcda.uasset" 1743
"C:/Users/DedPyps/Documents/Unreal Projects/zombie_dead/Content/Fab/Megascans/3D/Wooden_Pallet_texcdfcda/Medium/MI_texcdfcda.uexp" 1744
"C:/Users/DedPyps/Documents/Unreal Projects/zombie_dead/Content/Fab/Megascans/3D/Wooden_Pallet_texcdfcda/Medium/texcdfcda_tier_2.ubulk" 1745
"C:/Users/DedPyps/Documents/Unreal Projects/zombie_dead/Content/Fab/Megascans/3D/Wooden_Pallet_texcdfcda/Medium/texcdfcda_tier_2.uasset" 1746
"C:/Users/DedPyps/Documents/Unreal Projects/zombie_dead/Content/Fab/Megascans/3D/Wooden_Pallet_texcdfcda/Medium/texcdfcda_tier_2.uexp" 1747
"C:/Users/DedPyps/Documents/Unreal Projects/zombie_dead/Content/Fab/Megascans/Surfaces/Rusty_Metal_Sheet_tkwmea1o/Medium/T_tkwmea1o_2K_B.ubulk" 1748
"C:/Users/DedPyps/Documents/Unreal Projects/zombie_dead/Content/Fab/Megascans/Surfaces/Rusty_Metal_Sheet_tkwmea1o/Medium/T_tkwmea1o_2K_B.uasset" 1749
"C:/Users/DedPyps/Documents/Unreal Projects/zombie_dead/Content/Fab/Megascans/Surfaces/Rusty_Metal_Sheet_tkwmea1o/Medium/T_tkwmea1o_2K_B.uexp" 1750
"C:/Users/DedPyps/Documents/Unreal Projects/zombie_dead/Content/Fab/Megascans/Surfaces/Rusty_Metal_Sheet_tkwmea1o/Medium/T_tkwmea1o_2K_ORM.ubulk" 1751
"C:/Users/DedPyps/Documents/Unreal Projects/zombie_dead/Content/Fab/Megascans/Surfaces/Rusty_Metal_Sheet_tkwmea1o/Medium/T_tkwmea1o_2K_ORM.uasset" 1752
"C:/Users/DedPyps/Documents/Unreal Projects/zombie_dead/Content/Fab/Megascans/Surfaces/Rusty_Metal_Sheet_tkwmea1o/Medium/T_tkwmea1o_2K_ORM.uexp" 1753
"C:/Users/DedPyps/Documents/Unreal Projects/zombie_dead/Content/Fab/Megascans/Surfaces/Rusty_Metal_Sheet_tkwmea1o/Medium/T_tkwmea1o_2K_N.ubulk" 1754
"C:/Users/DedPyps/Documents/Unreal Projects/zombie_dead/Content/Fab/Megascans/Surfaces/Rusty_Metal_Sheet_tkwmea1o/Medium/T_tkwmea1o_2K_N.uasset" 1755
"C:/Users/DedPyps/Documents/Unreal Projects/zombie_dead/Content/Fab/Megascans/Surfaces/Rusty_Metal_Sheet_tkwmea1o/Medium/T_tkwmea1o_2K_N.uexp" 1756
"../../../Engine/Content/MapTemplates/T_ScreenDirt02_w.uasset" 1757
"../../../Engine/Content/MapTemplates/T_ScreenDirt02_w.uexp" 1758
"../../../Engine/Plugins/Fab/Content/MaterialFunctions/QMF_Tiling.uasset" 1759
"../../../Engine/Plugins/Fab/Content/MaterialFunctions/QMF_Tiling.uexp" 1760
"../../../Engine/Plugins/Fab/Content/Materials/Standard/M_MS_Srf.uasset" 1761
"../../../Engine/Plugins/Fab/Content/Materials/Standard/M_MS_Srf.uexp" 1762
"C:/Users/DedPyps/Documents/Unreal Projects/zombie_dead/Content/Materials/MI_RustyMetal1.uasset" 1763
"C:/Users/DedPyps/Documents/Unreal Projects/zombie_dead/Content/Materials/MI_RustyMetal1.uexp" 1764
"C:/Users/DedPyps/Documents/Unreal Projects/zombie_dead/Content/FactoryAssets/FactoryAssets_Beam1_3.ubulk" 1765
"C:/Users/DedPyps/Documents/Unreal Projects/zombie_dead/Content/FactoryAssets/FactoryAssets_Beam1_3.uasset" 1766
"C:/Users/DedPyps/Documents/Unreal Projects/zombie_dead/Content/FactoryAssets/FactoryAssets_Beam1_3.uexp" 1767
"C:/Users/DedPyps/Documents/Unreal Projects/zombie_dead/Content/FactoryAssets/FactoryAssets_Beam1_2.ubulk" 1768
"C:/Users/DedPyps/Documents/Unreal Projects/zombie_dead/Content/FactoryAssets/FactoryAssets_Beam1_2.uasset" 1769
"C:/Users/DedPyps/Documents/Unreal Projects/zombie_dead/Content/FactoryAssets/FactoryAssets_Beam1_2.uexp" 1770
"C:/Users/DedPyps/Documents/Unreal Projects/zombie_dead/Content/Fab/Megascans/Surfaces/Worn_Painted_Metal_Roof_vdpncdn/Medium/T_vdpncdn_2K_N.ubulk" 1771
"C:/Users/DedPyps/Documents/Unreal Projects/zombie_dead/Content/Fab/Megascans/Surfaces/Worn_Painted_Metal_Roof_vdpncdn/Medium/T_vdpncdn_2K_N.uasset" 1772
"C:/Users/DedPyps/Documents/Unreal Projects/zombie_dead/Content/Fab/Megascans/Surfaces/Worn_Painted_Metal_Roof_vdpncdn/Medium/T_vdpncdn_2K_N.uexp" 1773
"C:/Users/DedPyps/Documents/Unreal Projects/zombie_dead/Content/Fab/Megascans/Surfaces/Worn_Painted_Metal_Roof_vdpncdn/Medium/T_vdpncdn_2K_ORM.ubulk" 1774
"C:/Users/DedPyps/Documents/Unreal Projects/zombie_dead/Content/Fab/Megascans/Surfaces/Worn_Painted_Metal_Roof_vdpncdn/Medium/T_vdpncdn_2K_ORM.uasset" 1775
"C:/Users/DedPyps/Documents/Unreal Projects/zombie_dead/Content/Fab/Megascans/Surfaces/Worn_Painted_Metal_Roof_vdpncdn/Medium/T_vdpncdn_2K_ORM.uexp" 1776
"C:/Users/DedPyps/Documents/Unreal Projects/zombie_dead/Content/Fab/Megascans/Surfaces/Worn_Painted_Metal_Roof_vdpncdn/Medium/T_vdpncdn_2K_B.ubulk" 1777
"C:/Users/DedPyps/Documents/Unreal Projects/zombie_dead/Content/Fab/Megascans/Surfaces/Worn_Painted_Metal_Roof_vdpncdn/Medium/T_vdpncdn_2K_B.uasset" 1778
"C:/Users/DedPyps/Documents/Unreal Projects/zombie_dead/Content/Fab/Megascans/Surfaces/Worn_Painted_Metal_Roof_vdpncdn/Medium/T_vdpncdn_2K_B.uexp" 1779
"C:/Users/DedPyps/Documents/Unreal Projects/zombie_dead/Content/Materials/MI_RustyMetalSheet8.uasset" 1780
"C:/Users/DedPyps/Documents/Unreal Projects/zombie_dead/Content/Materials/MI_RustyMetalSheet8.uexp" 1781
"C:/Users/DedPyps/Documents/Unreal Projects/zombie_dead/Content/FactoryAssets/FactoryAssets_Ceiling500x500cm1.ubulk" 1782
"C:/Users/DedPyps/Documents/Unreal Projects/zombie_dead/Content/FactoryAssets/FactoryAssets_Ceiling500x500cm1.uasset" 1783
"C:/Users/DedPyps/Documents/Unreal Projects/zombie_dead/Content/FactoryAssets/FactoryAssets_Ceiling500x500cm1.uexp" 1784
"C:/Users/DedPyps/Documents/Unreal Projects/zombie_dead/Content/Fab/Megascans/Surfaces/Rusty_Metal_Sheet_tdljebpl/Low/T_tdljebpl_1k_N.ubulk" 1785
"C:/Users/DedPyps/Documents/Unreal Projects/zombie_dead/Content/Fab/Megascans/Surfaces/Rusty_Metal_Sheet_tdljebpl/Low/T_tdljebpl_1k_N.uasset" 1786
"C:/Users/DedPyps/Documents/Unreal Projects/zombie_dead/Content/Fab/Megascans/Surfaces/Rusty_Metal_Sheet_tdljebpl/Low/T_tdljebpl_1k_N.uexp" 1787
"C:/Users/DedPyps/Documents/Unreal Projects/zombie_dead/Content/Fab/Megascans/Surfaces/Rusty_Metal_Sheet_tdljebpl/Low/T_tdljebpl_1k_B.ubulk" 1788
"C:/Users/DedPyps/Documents/Unreal Projects/zombie_dead/Content/Fab/Megascans/Surfaces/Rusty_Metal_Sheet_tdljebpl/Low/T_tdljebpl_1k_B.uasset" 1789
"C:/Users/DedPyps/Documents/Unreal Projects/zombie_dead/Content/Fab/Megascans/Surfaces/Rusty_Metal_Sheet_tdljebpl/Low/T_tdljebpl_1k_B.uexp" 1790
"C:/Users/DedPyps/Documents/Unreal Projects/zombie_dead/Content/Fab/Megascans/Surfaces/Rusty_Metal_Sheet_tdljebpl/Low/T_tdljebpl_1k_ORM.ubulk" 1791
"C:/Users/DedPyps/Documents/Unreal Projects/zombie_dead/Content/Fab/Megascans/Surfaces/Rusty_Metal_Sheet_tdljebpl/Low/T_tdljebpl_1k_ORM.uasset" 1792
"C:/Users/DedPyps/Documents/Unreal Projects/zombie_dead/Content/Fab/Megascans/Surfaces/Rusty_Metal_Sheet_tdljebpl/Low/T_tdljebpl_1k_ORM.uexp" 1793
"C:/Users/DedPyps/Documents/Unreal Projects/zombie_dead/Content/Materials/MI_RustyMetalSheet1.uasset" 1794
"C:/Users/DedPyps/Documents/Unreal Projects/zombie_dead/Content/Materials/MI_RustyMetalSheet1.uexp" 1795
"C:/Users/DedPyps/Documents/Unreal Projects/zombie_dead/Content/FactoryAssets/FactoryAssets_Handrail.ubulk" 1796
"C:/Users/DedPyps/Documents/Unreal Projects/zombie_dead/Content/FactoryAssets/FactoryAssets_Handrail.uasset" 1797
"C:/Users/DedPyps/Documents/Unreal Projects/zombie_dead/Content/FactoryAssets/FactoryAssets_Handrail.uexp" 1798
"C:/Users/DedPyps/Documents/Unreal Projects/zombie_dead/Content/Fab/Megascans/3D/Tarped_Crate_vhtibbe/Medium/T_vhtibbe_2K_B.ubulk" 1799
"C:/Users/DedPyps/Documents/Unreal Projects/zombie_dead/Content/Fab/Megascans/3D/Tarped_Crate_vhtibbe/Medium/T_vhtibbe_2K_B.uasset" 1800
"C:/Users/DedPyps/Documents/Unreal Projects/zombie_dead/Content/Fab/Megascans/3D/Tarped_Crate_vhtibbe/Medium/T_vhtibbe_2K_B.uexp" 1801
"C:/Users/DedPyps/Documents/Unreal Projects/zombie_dead/Content/Fab/Megascans/3D/Tarped_Crate_vhtibbe/Medium/T_vhtibbe_2K_ORM.ubulk" 1802
"C:/Users/DedPyps/Documents/Unreal Projects/zombie_dead/Content/Fab/Megascans/3D/Tarped_Crate_vhtibbe/Medium/T_vhtibbe_2K_ORM.uasset" 1803
"C:/Users/DedPyps/Documents/Unreal Projects/zombie_dead/Content/Fab/Megascans/3D/Tarped_Crate_vhtibbe/Medium/T_vhtibbe_2K_ORM.uexp" 1804
"C:/Users/DedPyps/Documents/Unreal Projects/zombie_dead/Content/Fab/Megascans/3D/Tarped_Crate_vhtibbe/Medium/T_vhtibbe_2K_N.ubulk" 1805
"C:/Users/DedPyps/Documents/Unreal Projects/zombie_dead/Content/Fab/Megascans/3D/Tarped_Crate_vhtibbe/Medium/T_vhtibbe_2K_N.uasset" 1806
"C:/Users/DedPyps/Documents/Unreal Projects/zombie_dead/Content/Fab/Megascans/3D/Tarped_Crate_vhtibbe/Medium/T_vhtibbe_2K_N.uexp" 1807
"C:/Users/DedPyps/Documents/Unreal Projects/zombie_dead/Content/Fab/Megascans/3D/Tarped_Crate_vhtibbe/Medium/MI_vhtibbe.uasset" 1808
"C:/Users/DedPyps/Documents/Unreal Projects/zombie_dead/Content/Fab/Megascans/3D/Tarped_Crate_vhtibbe/Medium/MI_vhtibbe.uexp" 1809
"C:/Users/DedPyps/Documents/Unreal Projects/zombie_dead/Content/Fab/Megascans/3D/Tarped_Crate_vhtibbe/Medium/vhtibbe_tier_2.ubulk" 1810
"C:/Users/DedPyps/Documents/Unreal Projects/zombie_dead/Content/Fab/Megascans/3D/Tarped_Crate_vhtibbe/Medium/vhtibbe_tier_2.uasset" 1811
"C:/Users/DedPyps/Documents/Unreal Projects/zombie_dead/Content/Fab/Megascans/3D/Tarped_Crate_vhtibbe/Medium/vhtibbe_tier_2.uexp" 1812
"C:/Users/DedPyps/Documents/Unreal Projects/zombie_dead/Content/FactoryAssets/FactoryAssets_Beam1_1.ubulk" 1813
"C:/Users/DedPyps/Documents/Unreal Projects/zombie_dead/Content/FactoryAssets/FactoryAssets_Beam1_1.uasset" 1814
"C:/Users/DedPyps/Documents/Unreal Projects/zombie_dead/Content/FactoryAssets/FactoryAssets_Beam1_1.uexp" 1815
"C:/Users/DedPyps/Documents/Unreal Projects/zombie_dead/Content/Materials/MI_RustyMetal2.uasset" 1816
"C:/Users/DedPyps/Documents/Unreal Projects/zombie_dead/Content/Materials/MI_RustyMetal2.uexp" 1817
"C:/Users/DedPyps/Documents/Unreal Projects/zombie_dead/Content/FactoryAssets/FactoryAssets_Machine6.ubulk" 1818
"C:/Users/DedPyps/Documents/Unreal Projects/zombie_dead/Content/FactoryAssets/FactoryAssets_Machine6.uasset" 1819
"C:/Users/DedPyps/Documents/Unreal Projects/zombie_dead/Content/FactoryAssets/FactoryAssets_Machine6.uexp" 1820
"../../../Engine/Content/BasicShapes/Cube.ubulk" 1821
"../../../Engine/Content/BasicShapes/Cube.uasset" 1822
"../../../Engine/Content/BasicShapes/Cube.uexp" 1823
"C:/Users/DedPyps/Documents/Unreal Projects/zombie_dead/Content/FactoryAssets/FactoryAssets_Machine5.ubulk" 1824
"C:/Users/DedPyps/Documents/Unreal Projects/zombie_dead/Content/FactoryAssets/FactoryAssets_Machine5.uasset" 1825
"C:/Users/DedPyps/Documents/Unreal Projects/zombie_dead/Content/FactoryAssets/FactoryAssets_Machine5.uexp" 1826
"C:/Users/DedPyps/Documents/Unreal Projects/zombie_dead/Content/Fab/Megascans/Surfaces/Rusty_Metal_vmghfhro/Medium/T_vmghfhro_2K_ORM.ubulk" 1827
"C:/Users/DedPyps/Documents/Unreal Projects/zombie_dead/Content/Fab/Megascans/Surfaces/Rusty_Metal_vmghfhro/Medium/T_vmghfhro_2K_ORM.uasset" 1828
"C:/Users/DedPyps/Documents/Unreal Projects/zombie_dead/Content/Fab/Megascans/Surfaces/Rusty_Metal_vmghfhro/Medium/T_vmghfhro_2K_ORM.uexp" 1829
"C:/Users/DedPyps/Documents/Unreal Projects/zombie_dead/Content/Fab/Megascans/Surfaces/Rusty_Metal_vmghfhro/Medium/T_vmghfhro_2K_N.ubulk" 1830
"C:/Users/DedPyps/Documents/Unreal Projects/zombie_dead/Content/Fab/Megascans/Surfaces/Rusty_Metal_vmghfhro/Medium/T_vmghfhro_2K_N.uasset" 1831
"C:/Users/DedPyps/Documents/Unreal Projects/zombie_dead/Content/Fab/Megascans/Surfaces/Rusty_Metal_vmghfhro/Medium/T_vmghfhro_2K_N.uexp" 1832
"C:/Users/DedPyps/Documents/Unreal Projects/zombie_dead/Content/Fab/Megascans/Surfaces/Rusty_Metal_vmghfhro/Medium/T_vmghfhro_2K_B.ubulk" 1833
"C:/Users/DedPyps/Documents/Unreal Projects/zombie_dead/Content/Fab/Megascans/Surfaces/Rusty_Metal_vmghfhro/Medium/T_vmghfhro_2K_B.uasset" 1834
"C:/Users/DedPyps/Documents/Unreal Projects/zombie_dead/Content/Fab/Megascans/Surfaces/Rusty_Metal_vmghfhro/Medium/T_vmghfhro_2K_B.uexp" 1835
"C:/Users/DedPyps/Documents/Unreal Projects/zombie_dead/Content/Materials/MI_RustyMetalSheet11.uasset" 1836
"C:/Users/DedPyps/Documents/Unreal Projects/zombie_dead/Content/Materials/MI_RustyMetalSheet11.uexp" 1837
"C:/Users/DedPyps/Documents/Unreal Projects/zombie_dead/Content/FactoryAssets/FactoryAssets_pipe2.ubulk" 1838
"C:/Users/DedPyps/Documents/Unreal Projects/zombie_dead/Content/FactoryAssets/FactoryAssets_pipe2.uasset" 1839
"C:/Users/DedPyps/Documents/Unreal Projects/zombie_dead/Content/FactoryAssets/FactoryAssets_pipe2.uexp" 1840
"C:/Users/DedPyps/Documents/Unreal Projects/zombie_dead/Content/FactoryAssets/FactoryAssets_Pipe1.ubulk" 1841
"C:/Users/DedPyps/Documents/Unreal Projects/zombie_dead/Content/FactoryAssets/FactoryAssets_Pipe1.uasset" 1842
"C:/Users/DedPyps/Documents/Unreal Projects/zombie_dead/Content/FactoryAssets/FactoryAssets_Pipe1.uexp" 1843
"C:/Users/DedPyps/Documents/Unreal Projects/zombie_dead/Content/Fab/Megascans/3D/Wrinkled_Tarp_vieldbo/Medium/T_vieldbo_2K_N.ubulk" 1844
"C:/Users/DedPyps/Documents/Unreal Projects/zombie_dead/Content/Fab/Megascans/3D/Wrinkled_Tarp_vieldbo/Medium/T_vieldbo_2K_N.uasset" 1845
"C:/Users/DedPyps/Documents/Unreal Projects/zombie_dead/Content/Fab/Megascans/3D/Wrinkled_Tarp_vieldbo/Medium/T_vieldbo_2K_N.uexp" 1846
"C:/Users/DedPyps/Documents/Unreal Projects/zombie_dead/Content/Fab/Megascans/3D/Wrinkled_Tarp_vieldbo/Medium/T_vieldbo_2K_B.ubulk" 1847
"C:/Users/DedPyps/Documents/Unreal Projects/zombie_dead/Content/Fab/Megascans/3D/Wrinkled_Tarp_vieldbo/Medium/T_vieldbo_2K_B.uasset" 1848
"C:/Users/DedPyps/Documents/Unreal Projects/zombie_dead/Content/Fab/Megascans/3D/Wrinkled_Tarp_vieldbo/Medium/T_vieldbo_2K_B.uexp" 1849
"C:/Users/DedPyps/Documents/Unreal Projects/zombie_dead/Content/Fab/Megascans/3D/Wrinkled_Tarp_vieldbo/Medium/T_vieldbo_2K_ORM.ubulk" 1850
"C:/Users/DedPyps/Documents/Unreal Projects/zombie_dead/Content/Fab/Megascans/3D/Wrinkled_Tarp_vieldbo/Medium/T_vieldbo_2K_ORM.uasset" 1851
"C:/Users/DedPyps/Documents/Unreal Projects/zombie_dead/Content/Fab/Megascans/3D/Wrinkled_Tarp_vieldbo/Medium/T_vieldbo_2K_ORM.uexp" 1852
"C:/Users/DedPyps/Documents/Unreal Projects/zombie_dead/Content/Fab/Megascans/3D/Wrinkled_Tarp_vieldbo/Medium/MI_vieldbo.uasset" 1853
"C:/Users/DedPyps/Documents/Unreal Projects/zombie_dead/Content/Fab/Megascans/3D/Wrinkled_Tarp_vieldbo/Medium/MI_vieldbo.uexp" 1854
"C:/Users/DedPyps/Documents/Unreal Projects/zombie_dead/Content/Fab/Megascans/3D/Wrinkled_Tarp_vieldbo/Medium/vieldbo_tier_2.ubulk" 1855
"C:/Users/DedPyps/Documents/Unreal Projects/zombie_dead/Content/Fab/Megascans/3D/Wrinkled_Tarp_vieldbo/Medium/vieldbo_tier_2.uasset" 1856
"C:/Users/DedPyps/Documents/Unreal Projects/zombie_dead/Content/Fab/Megascans/3D/Wrinkled_Tarp_vieldbo/Medium/vieldbo_tier_2.uexp" 1857
"C:/Users/DedPyps/Documents/Unreal Projects/zombie_dead/Content/Fab/Megascans/3D/Electrical_Box_tdlhad1da/Medium/T_tdlhad1da_2K_N.ubulk" 1858
"C:/Users/DedPyps/Documents/Unreal Projects/zombie_dead/Content/Fab/Megascans/3D/Electrical_Box_tdlhad1da/Medium/T_tdlhad1da_2K_N.uasset" 1859
"C:/Users/DedPyps/Documents/Unreal Projects/zombie_dead/Content/Fab/Megascans/3D/Electrical_Box_tdlhad1da/Medium/T_tdlhad1da_2K_N.uexp" 1860
"C:/Users/DedPyps/Documents/Unreal Projects/zombie_dead/Content/Fab/Megascans/3D/Electrical_Box_tdlhad1da/Medium/T_tdlhad1da_2K_B.ubulk" 1861
"C:/Users/DedPyps/Documents/Unreal Projects/zombie_dead/Content/Fab/Megascans/3D/Electrical_Box_tdlhad1da/Medium/T_tdlhad1da_2K_B.uasset" 1862
"C:/Users/DedPyps/Documents/Unreal Projects/zombie_dead/Content/Fab/Megascans/3D/Electrical_Box_tdlhad1da/Medium/T_tdlhad1da_2K_B.uexp" 1863
"C:/Users/DedPyps/Documents/Unreal Projects/zombie_dead/Content/Fab/Megascans/3D/Electrical_Box_tdlhad1da/Medium/T_tdlhad1da_2K_ORM.ubulk" 1864
"C:/Users/DedPyps/Documents/Unreal Projects/zombie_dead/Content/Fab/Megascans/3D/Electrical_Box_tdlhad1da/Medium/T_tdlhad1da_2K_ORM.uasset" 1865
"C:/Users/DedPyps/Documents/Unreal Projects/zombie_dead/Content/Fab/Megascans/3D/Electrical_Box_tdlhad1da/Medium/T_tdlhad1da_2K_ORM.uexp" 1866
"C:/Users/DedPyps/Documents/Unreal Projects/zombie_dead/Content/Fab/Megascans/3D/Electrical_Box_tdlhad1da/Medium/MI_tdlhad1da.uasset" 1867
"C:/Users/DedPyps/Documents/Unreal Projects/zombie_dead/Content/Fab/Megascans/3D/Electrical_Box_tdlhad1da/Medium/MI_tdlhad1da.uexp" 1868
"C:/Users/DedPyps/Documents/Unreal Projects/zombie_dead/Content/Fab/Megascans/3D/Electrical_Box_tdlhad1da/Medium/tdlhad1da_tier_2.ubulk" 1869
"C:/Users/DedPyps/Documents/Unreal Projects/zombie_dead/Content/Fab/Megascans/3D/Electrical_Box_tdlhad1da/Medium/tdlhad1da_tier_2.uasset" 1870
"C:/Users/DedPyps/Documents/Unreal Projects/zombie_dead/Content/Fab/Megascans/3D/Electrical_Box_tdlhad1da/Medium/tdlhad1da_tier_2.uexp" 1871
"C:/Users/DedPyps/Documents/Unreal Projects/zombie_dead/Content/Fab/Megascans/3D/Wrinkled_Tarp_vhtidbb/Medium/T_vhtidbb_2K_ORM.ubulk" 1872
"C:/Users/DedPyps/Documents/Unreal Projects/zombie_dead/Content/Fab/Megascans/3D/Wrinkled_Tarp_vhtidbb/Medium/T_vhtidbb_2K_ORM.uasset" 1873
"C:/Users/DedPyps/Documents/Unreal Projects/zombie_dead/Content/Fab/Megascans/3D/Wrinkled_Tarp_vhtidbb/Medium/T_vhtidbb_2K_ORM.uexp" 1874
"C:/Users/DedPyps/Documents/Unreal Projects/zombie_dead/Content/Fab/Megascans/3D/Wrinkled_Tarp_vhtidbb/Medium/T_vhtidbb_2K_N.ubulk" 1875
"C:/Users/DedPyps/Documents/Unreal Projects/zombie_dead/Content/Fab/Megascans/3D/Wrinkled_Tarp_vhtidbb/Medium/T_vhtidbb_2K_N.uasset" 1876
"C:/Users/DedPyps/Documents/Unreal Projects/zombie_dead/Content/Fab/Megascans/3D/Wrinkled_Tarp_vhtidbb/Medium/T_vhtidbb_2K_N.uexp" 1877
"C:/Users/DedPyps/Documents/Unreal Projects/zombie_dead/Content/Fab/Megascans/3D/Wrinkled_Tarp_vhtidbb/Medium/T_vhtidbb_2K_B.ubulk" 1878
"C:/Users/DedPyps/Documents/Unreal Projects/zombie_dead/Content/Fab/Megascans/3D/Wrinkled_Tarp_vhtidbb/Medium/T_vhtidbb_2K_B.uasset" 1879
"C:/Users/DedPyps/Documents/Unreal Projects/zombie_dead/Content/Fab/Megascans/3D/Wrinkled_Tarp_vhtidbb/Medium/T_vhtidbb_2K_B.uexp" 1880
"C:/Users/DedPyps/Documents/Unreal Projects/zombie_dead/Content/Fab/Megascans/3D/Wrinkled_Tarp_vhtidbb/Medium/MI_vhtidbb.uasset" 1881
"C:/Users/DedPyps/Documents/Unreal Projects/zombie_dead/Content/Fab/Megascans/3D/Wrinkled_Tarp_vhtidbb/Medium/MI_vhtidbb.uexp" 1882
"C:/Users/DedPyps/Documents/Unreal Projects/zombie_dead/Content/Fab/Megascans/3D/Wrinkled_Tarp_vhtidbb/Medium/vhtidbb_tier_2.ubulk" 1883
"C:/Users/DedPyps/Documents/Unreal Projects/zombie_dead/Content/Fab/Megascans/3D/Wrinkled_Tarp_vhtidbb/Medium/vhtidbb_tier_2.uasset" 1884
"C:/Users/DedPyps/Documents/Unreal Projects/zombie_dead/Content/Fab/Megascans/3D/Wrinkled_Tarp_vhtidbb/Medium/vhtidbb_tier_2.uexp" 1885
"C:/Users/DedPyps/Documents/Unreal Projects/zombie_dead/Content/Fab/Megascans/3D/Tarped_Crate_vh3lbfy/Medium/T_vh3lbfy_2K_N.ubulk" 1886
"C:/Users/DedPyps/Documents/Unreal Projects/zombie_dead/Content/Fab/Megascans/3D/Tarped_Crate_vh3lbfy/Medium/T_vh3lbfy_2K_N.uasset" 1887
"C:/Users/DedPyps/Documents/Unreal Projects/zombie_dead/Content/Fab/Megascans/3D/Tarped_Crate_vh3lbfy/Medium/T_vh3lbfy_2K_N.uexp" 1888
"C:/Users/DedPyps/Documents/Unreal Projects/zombie_dead/Content/Fab/Megascans/3D/Tarped_Crate_vh3lbfy/Medium/T_vh3lbfy_2K_ORM.ubulk" 1889
"C:/Users/DedPyps/Documents/Unreal Projects/zombie_dead/Content/Fab/Megascans/3D/Tarped_Crate_vh3lbfy/Medium/T_vh3lbfy_2K_ORM.uasset" 1890
"C:/Users/DedPyps/Documents/Unreal Projects/zombie_dead/Content/Fab/Megascans/3D/Tarped_Crate_vh3lbfy/Medium/T_vh3lbfy_2K_ORM.uexp" 1891
"C:/Users/DedPyps/Documents/Unreal Projects/zombie_dead/Content/Fab/Megascans/3D/Tarped_Crate_vh3lbfy/Medium/T_vh3lbfy_2K_B.ubulk" 1892
"C:/Users/DedPyps/Documents/Unreal Projects/zombie_dead/Content/Fab/Megascans/3D/Tarped_Crate_vh3lbfy/Medium/T_vh3lbfy_2K_B.uasset" 1893
"C:/Users/DedPyps/Documents/Unreal Projects/zombie_dead/Content/Fab/Megascans/3D/Tarped_Crate_vh3lbfy/Medium/T_vh3lbfy_2K_B.uexp" 1894
"C:/Users/DedPyps/Documents/Unreal Projects/zombie_dead/Content/Fab/Megascans/3D/Tarped_Crate_vh3lbfy/Medium/MI_vh3lbfy.uasset" 1895
"C:/Users/DedPyps/Documents/Unreal Projects/zombie_dead/Content/Fab/Megascans/3D/Tarped_Crate_vh3lbfy/Medium/MI_vh3lbfy.uexp" 1896
"C:/Users/DedPyps/Documents/Unreal Projects/zombie_dead/Content/Fab/Megascans/3D/Tarped_Crate_vh3lbfy/Medium/vh3lbfy_tier_2.ubulk" 1897
"C:/Users/DedPyps/Documents/Unreal Projects/zombie_dead/Content/Fab/Megascans/3D/Tarped_Crate_vh3lbfy/Medium/vh3lbfy_tier_2.uasset" 1898
"C:/Users/DedPyps/Documents/Unreal Projects/zombie_dead/Content/Fab/Megascans/3D/Tarped_Crate_vh3lbfy/Medium/vh3lbfy_tier_2.uexp" 1899
"C:/Users/DedPyps/Documents/Unreal Projects/zombie_dead/Content/Fab/Megascans/Surfaces/Metal_Dust_on_Floor_tjsiegin/Medium/T_tjsiegin_2k_N.ubulk" 1900
"C:/Users/DedPyps/Documents/Unreal Projects/zombie_dead/Content/Fab/Megascans/Surfaces/Metal_Dust_on_Floor_tjsiegin/Medium/T_tjsiegin_2k_N.uasset" 1901
"C:/Users/DedPyps/Documents/Unreal Projects/zombie_dead/Content/Fab/Megascans/Surfaces/Metal_Dust_on_Floor_tjsiegin/Medium/T_tjsiegin_2k_N.uexp" 1902
"C:/Users/DedPyps/Documents/Unreal Projects/zombie_dead/Content/Fab/Megascans/Surfaces/Metal_Dust_on_Floor_tjsiegin/Medium/T_tjsiegin_2k_ORM.ubulk" 1903
"C:/Users/DedPyps/Documents/Unreal Projects/zombie_dead/Content/Fab/Megascans/Surfaces/Metal_Dust_on_Floor_tjsiegin/Medium/T_tjsiegin_2k_ORM.uasset" 1904
"C:/Users/DedPyps/Documents/Unreal Projects/zombie_dead/Content/Fab/Megascans/Surfaces/Metal_Dust_on_Floor_tjsiegin/Medium/T_tjsiegin_2k_ORM.uexp" 1905
"C:/Users/DedPyps/Documents/Unreal Projects/zombie_dead/Content/Fab/Megascans/Surfaces/Metal_Dust_on_Floor_tjsiegin/Medium/T_Metal2.ubulk" 1906
"C:/Users/DedPyps/Documents/Unreal Projects/zombie_dead/Content/Fab/Megascans/Surfaces/Metal_Dust_on_Floor_tjsiegin/Medium/T_Metal2.uasset" 1907
"C:/Users/DedPyps/Documents/Unreal Projects/zombie_dead/Content/Fab/Megascans/Surfaces/Metal_Dust_on_Floor_tjsiegin/Medium/T_Metal2.uexp" 1908
"C:/Users/DedPyps/Documents/Unreal Projects/zombie_dead/Content/Materials/MI_MetalDust.uasset" 1909
"C:/Users/DedPyps/Documents/Unreal Projects/zombie_dead/Content/Materials/MI_MetalDust.uexp" 1910
"C:/Users/DedPyps/Documents/Unreal Projects/zombie_dead/Content/FactoryAssets/FactoryAssets_Fan2.ubulk" 1911
"C:/Users/DedPyps/Documents/Unreal Projects/zombie_dead/Content/FactoryAssets/FactoryAssets_Fan2.uasset" 1912
"C:/Users/DedPyps/Documents/Unreal Projects/zombie_dead/Content/FactoryAssets/FactoryAssets_Fan2.uexp" 1913
"C:/Users/DedPyps/Documents/Unreal Projects/zombie_dead/Content/Materials/MI_MetalDust1.uasset" 1914
"C:/Users/DedPyps/Documents/Unreal Projects/zombie_dead/Content/Materials/MI_MetalDust1.uexp" 1915
"C:/Users/DedPyps/Documents/Unreal Projects/zombie_dead/Content/Fab/Megascans/3D/Electrical_Boxes_vgyiedcaw/Medium/T_vgyiedcaw_2K_N.ubulk" 1916
"C:/Users/DedPyps/Documents/Unreal Projects/zombie_dead/Content/Fab/Megascans/3D/Electrical_Boxes_vgyiedcaw/Medium/T_vgyiedcaw_2K_N.uasset" 1917
"C:/Users/DedPyps/Documents/Unreal Projects/zombie_dead/Content/Fab/Megascans/3D/Electrical_Boxes_vgyiedcaw/Medium/T_vgyiedcaw_2K_N.uexp" 1918
"C:/Users/DedPyps/Documents/Unreal Projects/zombie_dead/Content/Fab/Megascans/3D/Electrical_Boxes_vgyiedcaw/Medium/T_vgyiedcaw_2K_B.ubulk" 1919
"C:/Users/DedPyps/Documents/Unreal Projects/zombie_dead/Content/Fab/Megascans/3D/Electrical_Boxes_vgyiedcaw/Medium/T_vgyiedcaw_2K_B.uasset" 1920
"C:/Users/DedPyps/Documents/Unreal Projects/zombie_dead/Content/Fab/Megascans/3D/Electrical_Boxes_vgyiedcaw/Medium/T_vgyiedcaw_2K_B.uexp" 1921
"C:/Users/DedPyps/Documents/Unreal Projects/zombie_dead/Content/Fab/Megascans/3D/Electrical_Boxes_vgyiedcaw/Medium/T_vgyiedcaw_2K_ORM.ubulk" 1922
"C:/Users/DedPyps/Documents/Unreal Projects/zombie_dead/Content/Fab/Megascans/3D/Electrical_Boxes_vgyiedcaw/Medium/T_vgyiedcaw_2K_ORM.uasset" 1923
"C:/Users/DedPyps/Documents/Unreal Projects/zombie_dead/Content/Fab/Megascans/3D/Electrical_Boxes_vgyiedcaw/Medium/T_vgyiedcaw_2K_ORM.uexp" 1924
"C:/Users/DedPyps/Documents/Unreal Projects/zombie_dead/Content/Fab/Megascans/3D/Electrical_Boxes_vgyiedcaw/Medium/MI_vgyiedcaw.uasset" 1925
"C:/Users/DedPyps/Documents/Unreal Projects/zombie_dead/Content/Fab/Megascans/3D/Electrical_Boxes_vgyiedcaw/Medium/MI_vgyiedcaw.uexp" 1926
"C:/Users/DedPyps/Documents/Unreal Projects/zombie_dead/Content/Fab/Megascans/3D/Electrical_Boxes_vgyiedcaw/Medium/vgyiedcaw_tier_2.ubulk" 1927
"C:/Users/DedPyps/Documents/Unreal Projects/zombie_dead/Content/Fab/Megascans/3D/Electrical_Boxes_vgyiedcaw/Medium/vgyiedcaw_tier_2.uasset" 1928
"C:/Users/DedPyps/Documents/Unreal Projects/zombie_dead/Content/Fab/Megascans/3D/Electrical_Boxes_vgyiedcaw/Medium/vgyiedcaw_tier_2.uexp" 1929
"C:/Users/DedPyps/Documents/Unreal Projects/zombie_dead/Content/FactoryAssets/FactoryAssets_Machine4.ubulk" 1930
"C:/Users/DedPyps/Documents/Unreal Projects/zombie_dead/Content/FactoryAssets/FactoryAssets_Machine4.uasset" 1931
"C:/Users/DedPyps/Documents/Unreal Projects/zombie_dead/Content/FactoryAssets/FactoryAssets_Machine4.uexp" 1932
"C:/Users/DedPyps/Documents/Unreal Projects/zombie_dead/Content/Fab/Megascans/3D/Metal_Pendant_Light_vgzledvaw/Medium/T_vgzledvaw_2K_N.ubulk" 1933
"C:/Users/DedPyps/Documents/Unreal Projects/zombie_dead/Content/Fab/Megascans/3D/Metal_Pendant_Light_vgzledvaw/Medium/T_vgzledvaw_2K_N.uasset" 1934
"C:/Users/DedPyps/Documents/Unreal Projects/zombie_dead/Content/Fab/Megascans/3D/Metal_Pendant_Light_vgzledvaw/Medium/T_vgzledvaw_2K_N.uexp" 1935
"C:/Users/DedPyps/Documents/Unreal Projects/zombie_dead/Content/Fab/Megascans/3D/Metal_Pendant_Light_vgzledvaw/Medium/T_vgzledvaw_2K_ORM.ubulk" 1936
"C:/Users/DedPyps/Documents/Unreal Projects/zombie_dead/Content/Fab/Megascans/3D/Metal_Pendant_Light_vgzledvaw/Medium/T_vgzledvaw_2K_ORM.uasset" 1937
"C:/Users/DedPyps/Documents/Unreal Projects/zombie_dead/Content/Fab/Megascans/3D/Metal_Pendant_Light_vgzledvaw/Medium/T_vgzledvaw_2K_ORM.uexp" 1938
"C:/Users/DedPyps/Documents/Unreal Projects/zombie_dead/Content/Fab/Megascans/3D/Metal_Pendant_Light_vgzledvaw/Medium/T_vgzledvaw_2K_B.ubulk" 1939
"C:/Users/DedPyps/Documents/Unreal Projects/zombie_dead/Content/Fab/Megascans/3D/Metal_Pendant_Light_vgzledvaw/Medium/T_vgzledvaw_2K_B.uasset" 1940
"C:/Users/DedPyps/Documents/Unreal Projects/zombie_dead/Content/Fab/Megascans/3D/Metal_Pendant_Light_vgzledvaw/Medium/T_vgzledvaw_2K_B.uexp" 1941
"C:/Users/DedPyps/Documents/Unreal Projects/zombie_dead/Content/Fab/Megascans/3D/Metal_Pendant_Light_vgzledvaw/Medium/MI_vgzledvaw.uasset" 1942
"C:/Users/DedPyps/Documents/Unreal Projects/zombie_dead/Content/Fab/Megascans/3D/Metal_Pendant_Light_vgzledvaw/Medium/MI_vgzledvaw.uexp" 1943
"C:/Users/DedPyps/Documents/Unreal Projects/zombie_dead/Content/Fab/Megascans/3D/Metal_Pendant_Light_vgzledvaw/Medium/vgzledvaw_tier_2.ubulk" 1944
"C:/Users/DedPyps/Documents/Unreal Projects/zombie_dead/Content/Fab/Megascans/3D/Metal_Pendant_Light_vgzledvaw/Medium/vgzledvaw_tier_2.uasset" 1945
"C:/Users/DedPyps/Documents/Unreal Projects/zombie_dead/Content/Fab/Megascans/3D/Metal_Pendant_Light_vgzledvaw/Medium/vgzledvaw_tier_2.uexp" 1946
"C:/Users/DedPyps/Documents/Unreal Projects/zombie_dead/Content/Fab/Megascans/Surfaces/Rusty_Metal_Sheet_tj0hdfpg/Medium/T_tj0hdfpg_2K_ORM.ubulk" 1947
"C:/Users/DedPyps/Documents/Unreal Projects/zombie_dead/Content/Fab/Megascans/Surfaces/Rusty_Metal_Sheet_tj0hdfpg/Medium/T_tj0hdfpg_2K_ORM.uasset" 1948
"C:/Users/DedPyps/Documents/Unreal Projects/zombie_dead/Content/Fab/Megascans/Surfaces/Rusty_Metal_Sheet_tj0hdfpg/Medium/T_tj0hdfpg_2K_ORM.uexp" 1949
"C:/Users/DedPyps/Documents/Unreal Projects/zombie_dead/Content/Fab/Megascans/Surfaces/Rusty_Metal_Sheet_tj0hdfpg/Medium/T_tj0hdfpg_2K_N.ubulk" 1950
"C:/Users/DedPyps/Documents/Unreal Projects/zombie_dead/Content/Fab/Megascans/Surfaces/Rusty_Metal_Sheet_tj0hdfpg/Medium/T_tj0hdfpg_2K_N.uasset" 1951
"C:/Users/DedPyps/Documents/Unreal Projects/zombie_dead/Content/Fab/Megascans/Surfaces/Rusty_Metal_Sheet_tj0hdfpg/Medium/T_tj0hdfpg_2K_N.uexp" 1952
"C:/Users/DedPyps/Documents/Unreal Projects/zombie_dead/Content/Fab/Megascans/Surfaces/Rusty_Metal_Sheet_tj0hdfpg/Medium/T_tj0hdfpg_2K_B.ubulk" 1953
"C:/Users/DedPyps/Documents/Unreal Projects/zombie_dead/Content/Fab/Megascans/Surfaces/Rusty_Metal_Sheet_tj0hdfpg/Medium/T_tj0hdfpg_2K_B.uasset" 1954
"C:/Users/DedPyps/Documents/Unreal Projects/zombie_dead/Content/Fab/Megascans/Surfaces/Rusty_Metal_Sheet_tj0hdfpg/Medium/T_tj0hdfpg_2K_B.uexp" 1955
"C:/Users/DedPyps/Documents/Unreal Projects/zombie_dead/Content/Materials/MI_RustyMetalSheet4.uasset" 1956
"C:/Users/DedPyps/Documents/Unreal Projects/zombie_dead/Content/Materials/MI_RustyMetalSheet4.uexp" 1957
"C:/Users/DedPyps/Documents/Unreal Projects/zombie_dead/Content/FactoryAssets/FactoryAssets_Tank2.ubulk" 1958
"C:/Users/DedPyps/Documents/Unreal Projects/zombie_dead/Content/FactoryAssets/FactoryAssets_Tank2.uasset" 1959
"C:/Users/DedPyps/Documents/Unreal Projects/zombie_dead/Content/FactoryAssets/FactoryAssets_Tank2.uexp" 1960
"../../../Engine/Content/BasicShapes/Plane.ubulk" 1961
"../../../Engine/Content/BasicShapes/Plane.uasset" 1962
"../../../Engine/Content/BasicShapes/Plane.uexp" 1963
"C:/Users/DedPyps/Documents/Unreal Projects/zombie_dead/Content/Materials/M_DirtyGlass.uasset" 1964
"C:/Users/DedPyps/Documents/Unreal Projects/zombie_dead/Content/Materials/M_DirtyGlass.uexp" 1965
"C:/Users/DedPyps/Documents/Unreal Projects/zombie_dead/Content/Fab/Megascans/Surfaces/Rusty_Metal_Sheet_tj0kddgfw/Medium/T_tj0kddgfw_2K_B.ubulk" 1966
"C:/Users/DedPyps/Documents/Unreal Projects/zombie_dead/Content/Fab/Megascans/Surfaces/Rusty_Metal_Sheet_tj0kddgfw/Medium/T_tj0kddgfw_2K_B.uasset" 1967
"C:/Users/DedPyps/Documents/Unreal Projects/zombie_dead/Content/Fab/Megascans/Surfaces/Rusty_Metal_Sheet_tj0kddgfw/Medium/T_tj0kddgfw_2K_B.uexp" 1968
"C:/Users/DedPyps/Documents/Unreal Projects/zombie_dead/Content/Fab/Megascans/Surfaces/Rusty_Metal_Sheet_tj0kddgfw/Medium/T_tj0kddgfw_2K_N.ubulk" 1969
"C:/Users/DedPyps/Documents/Unreal Projects/zombie_dead/Content/Fab/Megascans/Surfaces/Rusty_Metal_Sheet_tj0kddgfw/Medium/T_tj0kddgfw_2K_N.uasset" 1970
"C:/Users/DedPyps/Documents/Unreal Projects/zombie_dead/Content/Fab/Megascans/Surfaces/Rusty_Metal_Sheet_tj0kddgfw/Medium/T_tj0kddgfw_2K_N.uexp" 1971
"C:/Users/DedPyps/Documents/Unreal Projects/zombie_dead/Content/Fab/Megascans/Surfaces/Rusty_Metal_Sheet_tj0kddgfw/Medium/T_tj0kddgfw_2K_ORM.ubulk" 1972
"C:/Users/DedPyps/Documents/Unreal Projects/zombie_dead/Content/Fab/Megascans/Surfaces/Rusty_Metal_Sheet_tj0kddgfw/Medium/T_tj0kddgfw_2K_ORM.uasset" 1973
"C:/Users/DedPyps/Documents/Unreal Projects/zombie_dead/Content/Fab/Megascans/Surfaces/Rusty_Metal_Sheet_tj0kddgfw/Medium/T_tj0kddgfw_2K_ORM.uexp" 1974
"C:/Users/DedPyps/Documents/Unreal Projects/zombie_dead/Content/Materials/MI_RustyMetalSheet5.uasset" 1975
"C:/Users/DedPyps/Documents/Unreal Projects/zombie_dead/Content/Materials/MI_RustyMetalSheet5.uexp" 1976
"C:/Users/DedPyps/Documents/Unreal Projects/zombie_dead/Content/FactoryAssets/FactoryAssets_Tank1.ubulk" 1977
"C:/Users/DedPyps/Documents/Unreal Projects/zombie_dead/Content/FactoryAssets/FactoryAssets_Tank1.uasset" 1978
"C:/Users/DedPyps/Documents/Unreal Projects/zombie_dead/Content/FactoryAssets/FactoryAssets_Tank1.uexp" 1979
"C:/Users/DedPyps/Documents/Unreal Projects/zombie_dead/Content/FactoryAssets/FactoryAssets_Machine3.ubulk" 1980
"C:/Users/DedPyps/Documents/Unreal Projects/zombie_dead/Content/FactoryAssets/FactoryAssets_Machine3.uasset" 1981
"C:/Users/DedPyps/Documents/Unreal Projects/zombie_dead/Content/FactoryAssets/FactoryAssets_Machine3.uexp" 1982
"C:/Users/DedPyps/Documents/Unreal Projects/zombie_dead/Content/Fab/Megascans/3D/Rusty_Metal_Barrel_vijnbjz/Medium/T_vijnbjz_2K_N.ubulk" 1983
"C:/Users/DedPyps/Documents/Unreal Projects/zombie_dead/Content/Fab/Megascans/3D/Rusty_Metal_Barrel_vijnbjz/Medium/T_vijnbjz_2K_N.uasset" 1984
"C:/Users/DedPyps/Documents/Unreal Projects/zombie_dead/Content/Fab/Megascans/3D/Rusty_Metal_Barrel_vijnbjz/Medium/T_vijnbjz_2K_N.uexp" 1985
"C:/Users/DedPyps/Documents/Unreal Projects/zombie_dead/Content/Fab/Megascans/3D/Rusty_Metal_Barrel_vijnbjz/Medium/T_vijnbjz_2K_ORM.ubulk" 1986
"C:/Users/DedPyps/Documents/Unreal Projects/zombie_dead/Content/Fab/Megascans/3D/Rusty_Metal_Barrel_vijnbjz/Medium/T_vijnbjz_2K_ORM.uasset" 1987
"C:/Users/DedPyps/Documents/Unreal Projects/zombie_dead/Content/Fab/Megascans/3D/Rusty_Metal_Barrel_vijnbjz/Medium/T_vijnbjz_2K_ORM.uexp" 1988
"C:/Users/DedPyps/Documents/Unreal Projects/zombie_dead/Content/Fab/Megascans/3D/Rusty_Metal_Barrel_vijnbjz/Medium/T_vijnbjz_2K_B.ubulk" 1989
"C:/Users/DedPyps/Documents/Unreal Projects/zombie_dead/Content/Fab/Megascans/3D/Rusty_Metal_Barrel_vijnbjz/Medium/T_vijnbjz_2K_B.uasset" 1990
"C:/Users/DedPyps/Documents/Unreal Projects/zombie_dead/Content/Fab/Megascans/3D/Rusty_Metal_Barrel_vijnbjz/Medium/T_vijnbjz_2K_B.uexp" 1991
"C:/Users/DedPyps/Documents/Unreal Projects/zombie_dead/Content/Fab/Megascans/3D/Rusty_Metal_Barrel_vijnbjz/Medium/MI_vijnbjz.uasset" 1992
"C:/Users/DedPyps/Documents/Unreal Projects/zombie_dead/Content/Fab/Megascans/3D/Rusty_Metal_Barrel_vijnbjz/Medium/MI_vijnbjz.uexp" 1993
"C:/Users/DedPyps/Documents/Unreal Projects/zombie_dead/Content/Fab/Megascans/3D/Rusty_Metal_Barrel_vijnbjz/Medium/vijnbjz_tier_2.ubulk" 1994
"C:/Users/DedPyps/Documents/Unreal Projects/zombie_dead/Content/Fab/Megascans/3D/Rusty_Metal_Barrel_vijnbjz/Medium/vijnbjz_tier_2.uasset" 1995
"C:/Users/DedPyps/Documents/Unreal Projects/zombie_dead/Content/Fab/Megascans/3D/Rusty_Metal_Barrel_vijnbjz/Medium/vijnbjz_tier_2.uexp" 1996
"C:/Users/DedPyps/Documents/Unreal Projects/zombie_dead/Content/FactoryAssets/FactoryAssets_Machine1.ubulk" 1997
"C:/Users/DedPyps/Documents/Unreal Projects/zombie_dead/Content/FactoryAssets/FactoryAssets_Machine1.uasset" 1998
"C:/Users/DedPyps/Documents/Unreal Projects/zombie_dead/Content/FactoryAssets/FactoryAssets_Machine1.uexp" 1999
"../../../Engine/Content/BasicShapes/Sphere.ubulk" 2000
"../../../Engine/Content/BasicShapes/Sphere.uasset" 2001
"../../../Engine/Content/BasicShapes/Sphere.uexp" 2002
"C:/Users/DedPyps/Documents/Unreal Projects/zombie_dead/Content/Materials/M_Light.uasset" 2003
"C:/Users/DedPyps/Documents/Unreal Projects/zombie_dead/Content/Materials/M_Light.uexp" 2004
"C:/Users/DedPyps/Documents/Unreal Projects/zombie_dead/Content/FactoryAssets/FactoryAssets_Tank3.ubulk" 2005
"C:/Users/DedPyps/Documents/Unreal Projects/zombie_dead/Content/FactoryAssets/FactoryAssets_Tank3.uasset" 2006
"C:/Users/DedPyps/Documents/Unreal Projects/zombie_dead/Content/FactoryAssets/FactoryAssets_Tank3.uexp" 2007
"C:/Users/DedPyps/Documents/Unreal Projects/zombie_dead/Content/FactoryAssets/FactoryAssets_Wall500x500cm.ubulk" 2008
"C:/Users/DedPyps/Documents/Unreal Projects/zombie_dead/Content/FactoryAssets/FactoryAssets_Wall500x500cm.uasset" 2009
"C:/Users/DedPyps/Documents/Unreal Projects/zombie_dead/Content/FactoryAssets/FactoryAssets_Wall500x500cm.uexp" 2010
"C:/Users/DedPyps/Documents/Unreal Projects/zombie_dead/Content/Fab/Megascans/3D/Wrinkled_Tarp_vh2mee1/Medium/T_vh2mee1_2K_ORM.ubulk" 2011
"C:/Users/DedPyps/Documents/Unreal Projects/zombie_dead/Content/Fab/Megascans/3D/Wrinkled_Tarp_vh2mee1/Medium/T_vh2mee1_2K_ORM.uasset" 2012
"C:/Users/DedPyps/Documents/Unreal Projects/zombie_dead/Content/Fab/Megascans/3D/Wrinkled_Tarp_vh2mee1/Medium/T_vh2mee1_2K_ORM.uexp" 2013
"C:/Users/DedPyps/Documents/Unreal Projects/zombie_dead/Content/Fab/Megascans/3D/Wrinkled_Tarp_vh2mee1/Medium/T_vh2mee1_2K_N.ubulk" 2014
"C:/Users/DedPyps/Documents/Unreal Projects/zombie_dead/Content/Fab/Megascans/3D/Wrinkled_Tarp_vh2mee1/Medium/T_vh2mee1_2K_N.uasset" 2015
"C:/Users/DedPyps/Documents/Unreal Projects/zombie_dead/Content/Fab/Megascans/3D/Wrinkled_Tarp_vh2mee1/Medium/T_vh2mee1_2K_N.uexp" 2016
"C:/Users/DedPyps/Documents/Unreal Projects/zombie_dead/Content/Fab/Megascans/3D/Wrinkled_Tarp_vh2mee1/Medium/T_vh2mee1_2K_B.ubulk" 2017
"C:/Users/DedPyps/Documents/Unreal Projects/zombie_dead/Content/Fab/Megascans/3D/Wrinkled_Tarp_vh2mee1/Medium/T_vh2mee1_2K_B.uasset" 2018
"C:/Users/DedPyps/Documents/Unreal Projects/zombie_dead/Content/Fab/Megascans/3D/Wrinkled_Tarp_vh2mee1/Medium/T_vh2mee1_2K_B.uexp" 2019
"C:/Users/DedPyps/Documents/Unreal Projects/zombie_dead/Content/Fab/Megascans/3D/Wrinkled_Tarp_vh2mee1/Medium/MI_vh2mee1.uasset" 2020
"C:/Users/DedPyps/Documents/Unreal Projects/zombie_dead/Content/Fab/Megascans/3D/Wrinkled_Tarp_vh2mee1/Medium/MI_vh2mee1.uexp" 2021
"C:/Users/DedPyps/Documents/Unreal Projects/zombie_dead/Content/Fab/Megascans/3D/Wrinkled_Tarp_vh2mee1/Medium/vh2mee1_tier_2.ubulk" 2022
"C:/Users/DedPyps/Documents/Unreal Projects/zombie_dead/Content/Fab/Megascans/3D/Wrinkled_Tarp_vh2mee1/Medium/vh2mee1_tier_2.uasset" 2023
"C:/Users/DedPyps/Documents/Unreal Projects/zombie_dead/Content/Fab/Megascans/3D/Wrinkled_Tarp_vh2mee1/Medium/vh2mee1_tier_2.uexp" 2024
"C:/Users/DedPyps/Documents/Unreal Projects/zombie_dead/Content/Fab/Megascans/Surfaces/Corrugated_Metal_Sheet_teendf3q/Medium/T_teendf3q_2k_ORM.ubulk" 2025
"C:/Users/DedPyps/Documents/Unreal Projects/zombie_dead/Content/Fab/Megascans/Surfaces/Corrugated_Metal_Sheet_teendf3q/Medium/T_teendf3q_2k_ORM.uasset" 2026
"C:/Users/DedPyps/Documents/Unreal Projects/zombie_dead/Content/Fab/Megascans/Surfaces/Corrugated_Metal_Sheet_teendf3q/Medium/T_teendf3q_2k_ORM.uexp" 2027
"C:/Users/DedPyps/Documents/Unreal Projects/zombie_dead/Content/Fab/Megascans/Surfaces/Corrugated_Metal_Sheet_teendf3q/Medium/T_teendf3q_2k_B.ubulk" 2028
"C:/Users/DedPyps/Documents/Unreal Projects/zombie_dead/Content/Fab/Megascans/Surfaces/Corrugated_Metal_Sheet_teendf3q/Medium/T_teendf3q_2k_B.uasset" 2029
"C:/Users/DedPyps/Documents/Unreal Projects/zombie_dead/Content/Fab/Megascans/Surfaces/Corrugated_Metal_Sheet_teendf3q/Medium/T_teendf3q_2k_B.uexp" 2030
"C:/Users/DedPyps/Documents/Unreal Projects/zombie_dead/Content/Fab/Megascans/Surfaces/Corrugated_Metal_Sheet_teendf3q/Medium/T_teendf3q_2k_N.ubulk" 2031
"C:/Users/DedPyps/Documents/Unreal Projects/zombie_dead/Content/Fab/Megascans/Surfaces/Corrugated_Metal_Sheet_teendf3q/Medium/T_teendf3q_2k_N.uasset" 2032
"C:/Users/DedPyps/Documents/Unreal Projects/zombie_dead/Content/Fab/Megascans/Surfaces/Corrugated_Metal_Sheet_teendf3q/Medium/T_teendf3q_2k_N.uexp" 2033
"C:/Users/DedPyps/Documents/Unreal Projects/zombie_dead/Content/Materials/MI_RustyMetalSheet3.uasset" 2034
"C:/Users/DedPyps/Documents/Unreal Projects/zombie_dead/Content/Materials/MI_RustyMetalSheet3.uexp" 2035
"C:/Users/DedPyps/Documents/Unreal Projects/zombie_dead/Content/Fab/Megascans/3D/Rusty_Metal_Barrel_tewscfuda/Medium/T_tewscfuda_2k_B.ubulk" 2036
"C:/Users/DedPyps/Documents/Unreal Projects/zombie_dead/Content/Fab/Megascans/3D/Rusty_Metal_Barrel_tewscfuda/Medium/T_tewscfuda_2k_B.uasset" 2037
"C:/Users/DedPyps/Documents/Unreal Projects/zombie_dead/Content/Fab/Megascans/3D/Rusty_Metal_Barrel_tewscfuda/Medium/T_tewscfuda_2k_B.uexp" 2038
"C:/Users/DedPyps/Documents/Unreal Projects/zombie_dead/Content/Fab/Megascans/3D/Rusty_Metal_Barrel_tewscfuda/Medium/T_tewscfuda_2k_ORM.ubulk" 2039
"C:/Users/DedPyps/Documents/Unreal Projects/zombie_dead/Content/Fab/Megascans/3D/Rusty_Metal_Barrel_tewscfuda/Medium/T_tewscfuda_2k_ORM.uasset" 2040
"C:/Users/DedPyps/Documents/Unreal Projects/zombie_dead/Content/Fab/Megascans/3D/Rusty_Metal_Barrel_tewscfuda/Medium/T_tewscfuda_2k_ORM.uexp" 2041
"C:/Users/DedPyps/Documents/Unreal Projects/zombie_dead/Content/Fab/Megascans/3D/Rusty_Metal_Barrel_tewscfuda/Medium/T_tewscfuda_2k_N.ubulk" 2042
"C:/Users/DedPyps/Documents/Unreal Projects/zombie_dead/Content/Fab/Megascans/3D/Rusty_Metal_Barrel_tewscfuda/Medium/T_tewscfuda_2k_N.uasset" 2043
"C:/Users/DedPyps/Documents/Unreal Projects/zombie_dead/Content/Fab/Megascans/3D/Rusty_Metal_Barrel_tewscfuda/Medium/T_tewscfuda_2k_N.uexp" 2044
"C:/Users/DedPyps/Documents/Unreal Projects/zombie_dead/Content/Fab/Megascans/3D/Rusty_Metal_Barrel_tewscfuda/Medium/MI_tewscfuda.uasset" 2045
"C:/Users/DedPyps/Documents/Unreal Projects/zombie_dead/Content/Fab/Megascans/3D/Rusty_Metal_Barrel_tewscfuda/Medium/MI_tewscfuda.uexp" 2046
"C:/Users/DedPyps/Documents/Unreal Projects/zombie_dead/Content/Fab/Megascans/3D/Rusty_Metal_Barrel_tewscfuda/Medium/SM_tewscfuda_tier_2.ubulk" 2047
"C:/Users/DedPyps/Documents/Unreal Projects/zombie_dead/Content/Fab/Megascans/3D/Rusty_Metal_Barrel_tewscfuda/Medium/SM_tewscfuda_tier_2.uasset" 2048
"C:/Users/DedPyps/Documents/Unreal Projects/zombie_dead/Content/Fab/Megascans/3D/Rusty_Metal_Barrel_tewscfuda/Medium/SM_tewscfuda_tier_2.uexp" 2049
"C:/Users/DedPyps/Documents/Unreal Projects/zombie_dead/Content/Materials/MI_RustyMetalSheet9.uasset" 2050
"C:/Users/DedPyps/Documents/Unreal Projects/zombie_dead/Content/Materials/MI_RustyMetalSheet9.uexp" 2051
"C:/Users/DedPyps/Documents/Unreal Projects/zombie_dead/Content/FactoryAssets/FactoryAssets_Machine2.ubulk" 2052
"C:/Users/DedPyps/Documents/Unreal Projects/zombie_dead/Content/FactoryAssets/FactoryAssets_Machine2.uasset" 2053
"C:/Users/DedPyps/Documents/Unreal Projects/zombie_dead/Content/FactoryAssets/FactoryAssets_Machine2.uexp" 2054
"C:/Users/DedPyps/Documents/Unreal Projects/zombie_dead/Content/Fab/Megascans/Surfaces/Metal_Tread_Plate_ukukfgmew/Medium/T_ukukfgmew_2k_N.ubulk" 2055
"C:/Users/DedPyps/Documents/Unreal Projects/zombie_dead/Content/Fab/Megascans/Surfaces/Metal_Tread_Plate_ukukfgmew/Medium/T_ukukfgmew_2k_N.uasset" 2056
"C:/Users/DedPyps/Documents/Unreal Projects/zombie_dead/Content/Fab/Megascans/Surfaces/Metal_Tread_Plate_ukukfgmew/Medium/T_ukukfgmew_2k_N.uexp" 2057
"C:/Users/DedPyps/Documents/Unreal Projects/zombie_dead/Content/Fab/Megascans/Surfaces/Metal_Tread_Plate_ukukfgmew/Medium/T_ukukfgmew_2k_B.ubulk" 2058
"C:/Users/DedPyps/Documents/Unreal Projects/zombie_dead/Content/Fab/Megascans/Surfaces/Metal_Tread_Plate_ukukfgmew/Medium/T_ukukfgmew_2k_B.uasset" 2059
"C:/Users/DedPyps/Documents/Unreal Projects/zombie_dead/Content/Fab/Megascans/Surfaces/Metal_Tread_Plate_ukukfgmew/Medium/T_ukukfgmew_2k_B.uexp" 2060
"C:/Users/DedPyps/Documents/Unreal Projects/zombie_dead/Content/Fab/Megascans/Surfaces/Metal_Tread_Plate_ukukfgmew/Medium/T_ukukfgmew_2k_ORM.ubulk" 2061
"C:/Users/DedPyps/Documents/Unreal Projects/zombie_dead/Content/Fab/Megascans/Surfaces/Metal_Tread_Plate_ukukfgmew/Medium/T_ukukfgmew_2k_ORM.uasset" 2062
"C:/Users/DedPyps/Documents/Unreal Projects/zombie_dead/Content/Fab/Megascans/Surfaces/Metal_Tread_Plate_ukukfgmew/Medium/T_ukukfgmew_2k_ORM.uexp" 2063
"C:/Users/DedPyps/Documents/Unreal Projects/zombie_dead/Content/Materials/MI_MetalSheet2.uasset" 2064
"C:/Users/DedPyps/Documents/Unreal Projects/zombie_dead/Content/Materials/MI_MetalSheet2.uexp" 2065
"C:/Users/DedPyps/Documents/Unreal Projects/zombie_dead/Content/FactoryAssets/FactoryAssets_Floor500x500cm.ubulk" 2066
"C:/Users/DedPyps/Documents/Unreal Projects/zombie_dead/Content/FactoryAssets/FactoryAssets_Floor500x500cm.uasset" 2067
"C:/Users/DedPyps/Documents/Unreal Projects/zombie_dead/Content/FactoryAssets/FactoryAssets_Floor500x500cm.uexp" 2068
"C:/Users/DedPyps/Documents/Unreal Projects/zombie_dead/Content/FactoryAssets/FactoryAssets_Fan1.ubulk" 2069
"C:/Users/DedPyps/Documents/Unreal Projects/zombie_dead/Content/FactoryAssets/FactoryAssets_Fan1.uasset" 2070
"C:/Users/DedPyps/Documents/Unreal Projects/zombie_dead/Content/FactoryAssets/FactoryAssets_Fan1.uexp" 2071
"C:/Users/DedPyps/Documents/Unreal Projects/zombie_dead/Content/FactoryAssets/FactoryAssets_Window.ubulk" 2072
"C:/Users/DedPyps/Documents/Unreal Projects/zombie_dead/Content/FactoryAssets/FactoryAssets_Window.uasset" 2073
"C:/Users/DedPyps/Documents/Unreal Projects/zombie_dead/Content/FactoryAssets/FactoryAssets_Window.uexp" 2074
"../../../Engine/Content/EngineResources/LandscapeVisibilityLayerInfo.uasset" 2075
"../../../Engine/Content/EngineResources/LandscapeVisibilityLayerInfo.uexp" 2076
"../../../Engine/Content/VREditor/TransformGizmo/StartRotationHandleIndicator.ubulk" 2077
"../../../Engine/Content/VREditor/TransformGizmo/StartRotationHandleIndicator.uasset" 2078
"../../../Engine/Content/VREditor/TransformGizmo/StartRotationHandleIndicator.uexp" 2079
"../../../Engine/Content/VREditor/Sounds/UI/Drop_Item_From_ContentBrowser.ubulk" 2080
"../../../Engine/Content/VREditor/Sounds/UI/Drop_Item_From_ContentBrowser.uasset" 2081
"../../../Engine/Content/VREditor/Sounds/UI/Drop_Item_From_ContentBrowser.uexp" 2082
"../../../Engine/Content/VREditor/TransformGizmo/PlaneTranslationHandle.ubulk" 2083
"../../../Engine/Content/VREditor/TransformGizmo/PlaneTranslationHandle.uasset" 2084
"../../../Engine/Content/VREditor/TransformGizmo/PlaneTranslationHandle.uexp" 2085
"../../../Engine/Content/VREditor/Sounds/UI/Object_Snaps_To_Grid.ubulk" 2086
"../../../Engine/Content/VREditor/Sounds/UI/Object_Snaps_To_Grid.uasset" 2087
"../../../Engine/Content/VREditor/Sounds/UI/Object_Snaps_To_Grid.uexp" 2088
"../../../Engine/Content/VREditor/Sounds/UI/Selection_Changes.ubulk" 2089
"../../../Engine/Content/VREditor/Sounds/UI/Selection_Changes.uasset" 2090
"../../../Engine/Content/VREditor/Sounds/UI/Selection_Changes.uexp" 2091
"../../../Engine/Content/VREditor/Sounds/UI/Object_Snaps_To_Another_Actor.ubulk" 2092
"../../../Engine/Content/VREditor/Sounds/UI/Object_Snaps_To_Another_Actor.uasset" 2093
"../../../Engine/Content/VREditor/Sounds/UI/Object_Snaps_To_Another_Actor.uexp" 2094
"../../../Engine/Content/VREditor/TransformGizmo/TranslucentTransformGizmoMaterial_Inst.uasset" 2095
"../../../Engine/Content/VREditor/TransformGizmo/TranslucentTransformGizmoMaterial_Inst.uexp" 2096
"../../../Engine/Content/VREditor/TransformGizmo/TransformGizmoFreeRotation.ubulk" 2097
"../../../Engine/Content/VREditor/TransformGizmo/TransformGizmoFreeRotation.uasset" 2098
"../../../Engine/Content/VREditor/TransformGizmo/TransformGizmoFreeRotation.uexp" 2099
"../../../Engine/Content/VREditor/Sounds/UI/Scaling_Down.ubulk" 2100
"../../../Engine/Content/VREditor/Sounds/UI/Scaling_Down.uasset" 2101
"../../../Engine/Content/VREditor/Sounds/UI/Scaling_Down.uexp" 2102
"../../../Engine/Content/Functions/Engine_MaterialFunctions02/SplitComponents.uasset" 2103
"../../../Engine/Content/Functions/Engine_MaterialFunctions02/SplitComponents.uexp" 2104
"../../../Engine/Content/VREditor/SnapGrid/SnapGridMaterial.uasset" 2105
"../../../Engine/Content/VREditor/SnapGrid/SnapGridMaterial.uexp" 2106
"../../../Engine/Content/VREditor/SnapGrid/SnapGridPlaneMesh.ubulk" 2107
"../../../Engine/Content/VREditor/SnapGrid/SnapGridPlaneMesh.uasset" 2108
"../../../Engine/Content/VREditor/SnapGrid/SnapGridPlaneMesh.uexp" 2109
"../../../Engine/Content/VREditor/Sounds/UI/Scaling_Up.ubulk" 2110
"../../../Engine/Content/VREditor/Sounds/UI/Scaling_Up.uasset" 2111
"../../../Engine/Content/VREditor/Sounds/UI/Scaling_Up.uexp" 2112
"../../../Engine/Content/VREditor/TransformGizmo/TransformGizmoMaterial_Inst.uasset" 2113
"../../../Engine/Content/VREditor/TransformGizmo/TransformGizmoMaterial_Inst.uexp" 2114
"../../../Engine/Content/VREditor/Sounds/UI/Gizmo_Handle_Clicked.ubulk" 2115
"../../../Engine/Content/VREditor/Sounds/UI/Gizmo_Handle_Clicked.uasset" 2116
"../../../Engine/Content/VREditor/Sounds/UI/Gizmo_Handle_Clicked.uexp" 2117
"../../../Engine/Content/VREditor/TransformGizmo/RotationHandleQuarter.ubulk" 2118
"../../../Engine/Content/VREditor/TransformGizmo/RotationHandleQuarter.uasset" 2119
"../../../Engine/Content/VREditor/TransformGizmo/RotationHandleQuarter.uexp" 2120
"../../../Engine/Content/VREditor/TransformGizmo/TranslateArrowHandle.ubulk" 2121
"../../../Engine/Content/VREditor/TransformGizmo/TranslateArrowHandle.uasset" 2122
"../../../Engine/Content/VREditor/TransformGizmo/TranslateArrowHandle.uexp" 2123
"../../../Engine/Content/VREditor/TransformGizmo/RotationHandleIndicator.ubulk" 2124
"../../../Engine/Content/VREditor/TransformGizmo/RotationHandleIndicator.uasset" 2125
"../../../Engine/Content/VREditor/TransformGizmo/RotationHandleIndicator.uexp" 2126
"../../../Engine/Content/VREditor/TransformGizmo/UniformScaleHandle.ubulk" 2127
"../../../Engine/Content/VREditor/TransformGizmo/UniformScaleHandle.uasset" 2128
"../../../Engine/Content/VREditor/TransformGizmo/UniformScaleHandle.uexp" 2129
"../../../Engine/Content/VREditor/TransformGizmo/RotationHandleFull.ubulk" 2130
"../../../Engine/Content/VREditor/TransformGizmo/RotationHandleFull.uasset" 2131
"../../../Engine/Content/VREditor/TransformGizmo/RotationHandleFull.uexp" 2132
"../../../Engine/Content/VREditor/Sounds/UI/Object_PickUp.ubulk" 2133
"../../../Engine/Content/VREditor/Sounds/UI/Object_PickUp.uasset" 2134
"../../../Engine/Content/VREditor/Sounds/UI/Object_PickUp.uexp" 2135
"../../../Engine/Plugins/Animation/DeformerGraph/Content/DeformerFunctions/DG_Function_ComputeNormalsTangents.uasset" 2136
"../../../Engine/Plugins/Animation/DeformerGraph/Content/DeformerFunctions/DG_Function_ComputeNormalsTangents.uexp" 2137
"../../../Engine/Plugins/Animation/DeformerGraph/Content/DeformerFunctions/DG_Function_LinearBlendSkin_Morph_Cloth.uasset" 2138
"../../../Engine/Plugins/Animation/DeformerGraph/Content/DeformerFunctions/DG_Function_LinearBlendSkin_Morph_Cloth.uexp" 2139
"../../../Engine/Plugins/Animation/DeformerGraph/Content/DeformerFunctions/DG_Function_LinearBlendSkin_Morph_Cloth_PositionOnly.uasset" 2140
"../../../Engine/Plugins/Animation/DeformerGraph/Content/DeformerFunctions/DG_Function_LinearBlendSkin_Morph_Cloth_PositionOnly.uexp" 2141
"../../../Engine/Plugins/Animation/DeformerGraph/Content/Deformers/DG_LinearBlendSkin_Morph_Cloth.uasset" 2142
"../../../Engine/Plugins/Animation/DeformerGraph/Content/Deformers/DG_LinearBlendSkin_Morph_Cloth.uexp" 2143
"../../../Engine/Plugins/Animation/DeformerGraph/Content/Deformers/DG_LinearBlendSkin_Morph_Cloth_RecomputeNormals.uasset" 2144
"../../../Engine/Plugins/Animation/DeformerGraph/Content/Deformers/DG_LinearBlendSkin_Morph_Cloth_RecomputeNormals.uexp" 2145
"../../../Engine/Plugins/NNE/NNEDenoiser/Content/NNEDT_Oidn2-3_Balanced.uasset" 2146
"../../../Engine/Plugins/NNE/NNEDenoiser/Content/NNEDT_Oidn2-3_Balanced.uexp" 2147
"../../../Engine/Plugins/NNE/NNEDenoiser/Content/NNEDT_Oidn2-3_Balanced_Alpha.uasset" 2148
"../../../Engine/Plugins/NNE/NNEDenoiser/Content/NNEDT_Oidn2-3_Balanced_Alpha.uexp" 2149
"../../../Engine/Plugins/NNE/NNEDenoiser/Content/NNED_Oidn2-3_Balanced.uasset" 2150
"../../../Engine/Plugins/NNE/NNEDenoiser/Content/NNED_Oidn2-3_Balanced.uexp" 2151
"../../../Engine/Plugins/NNE/NNEDenoiser/Content/NNED_Oidn2-3_Balanced_Alpha.uasset" 2152
"../../../Engine/Plugins/NNE/NNEDenoiser/Content/NNED_Oidn2-3_Balanced_Alpha.uexp" 2153
"../../../Engine/Plugins/NNE/NNEDenoiser/Content/NNED_Oidn2-3_Fast.uasset" 2154
"../../../Engine/Plugins/NNE/NNEDenoiser/Content/NNED_Oidn2-3_Fast.uexp" 2155
"../../../Engine/Plugins/NNE/NNEDenoiser/Content/NNED_Oidn2-3_Fast_Alpha.uasset" 2156
"../../../Engine/Plugins/NNE/NNEDenoiser/Content/NNED_Oidn2-3_Fast_Alpha.uexp" 2157
"../../../Engine/Plugins/NNE/NNEDenoiser/Content/NNED_Oidn2-3_HighQuality.uasset" 2158
"../../../Engine/Plugins/NNE/NNEDenoiser/Content/NNED_Oidn2-3_HighQuality.uexp" 2159
"../../../Engine/Plugins/NNE/NNEDenoiser/Content/NNED_Oidn2-3_HighQuality_Alpha.uasset" 2160
"../../../Engine/Plugins/NNE/NNEDenoiser/Content/NNED_Oidn2-3_HighQuality_Alpha.uexp" 2161
"../../../Engine/Plugins/NNE/NNEDenoiser/Content/NNE_oidn2-3-0_rt_hdr_alb_nrm_small__dyn__fp16_opset11_DenoiseAlpha.uasset" 2162
"../../../Engine/Plugins/NNE/NNEDenoiser/Content/NNE_oidn2-3-0_rt_hdr_alb_nrm_small__dyn__fp16_opset11_DenoiseAlpha.uexp" 2163
"../../../Engine/Plugins/NNE/NNEDenoiser/Content/NNE_oidn2-3-0_rt_hdr_alb_nrm_small__dyn__fp16_opset11_ForwardAlpha.uasset" 2164
"../../../Engine/Plugins/NNE/NNEDenoiser/Content/NNE_oidn2-3-0_rt_hdr_alb_nrm_small__dyn__fp16_opset11_ForwardAlpha.uexp" 2165
"../../../Engine/Plugins/NNE/NNEDenoiser/Content/NNE_oidn2-3-0_rt_hdr_alb_nrm__dyn__fp16_opset11_DenoiseAlpha.uasset" 2166
"../../../Engine/Plugins/NNE/NNEDenoiser/Content/NNE_oidn2-3-0_rt_hdr_alb_nrm__dyn__fp16_opset11_DenoiseAlpha.uexp" 2167
"../../../Engine/Plugins/NNE/NNEDenoiser/Content/NNE_oidn2-3-0_rt_hdr_alb_nrm__dyn__fp16_opset11_ForwardAlpha.uasset" 2168
"../../../Engine/Plugins/NNE/NNEDenoiser/Content/NNE_oidn2-3-0_rt_hdr_alb_nrm__dyn__fp16_opset11_ForwardAlpha.uexp" 2169
"../../../Engine/Plugins/NNE/NNEDenoiser/Content/NNE_oidn2-3-0_rt_hdr_calb_cnrm_large__dyn__fp16_opset11_DenoiseAlpha.uasset" 2170
"../../../Engine/Plugins/NNE/NNEDenoiser/Content/NNE_oidn2-3-0_rt_hdr_calb_cnrm_large__dyn__fp16_opset11_DenoiseAlpha.uexp" 2171
"../../../Engine/Plugins/NNE/NNEDenoiser/Content/NNE_oidn2-3-0_rt_hdr_calb_cnrm_large__dyn__fp16_opset11_ForwardAlpha.uasset" 2172
"../../../Engine/Plugins/NNE/NNEDenoiser/Content/NNE_oidn2-3-0_rt_hdr_calb_cnrm_large__dyn__fp16_opset11_ForwardAlpha.uexp" 2173
"C:/Users/DedPyps/Documents/Unreal Projects/zombie_dead/Content/Maps/FactoryEnvironment.uexp" 2174
"C:/Users/DedPyps/Documents/Unreal Projects/zombie_dead/Content/Maps/FactoryEnvironment.umap" 2175
"C:/Users/DedPyps/Documents/Unreal Projects/zombie_dead/Content/UI/MainMenuBackGround.uasset" 2176
"C:/Users/DedPyps/Documents/Unreal Projects/zombie_dead/Content/UI/MainMenuBackGround.uexp" 2177
"C:/Users/DedPyps/Documents/Unreal Projects/zombie_dead/Content/UI/WBP_MainMenu.uasset" 2178
"C:/Users/DedPyps/Documents/Unreal Projects/zombie_dead/Content/UI/WBP_MainMenu.uexp" 2179
"C:/Users/DedPyps/Documents/Unreal Projects/zombie_dead/Content/Maps/MainMenu.uexp" 2180
"C:/Users/DedPyps/Documents/Unreal Projects/zombie_dead/Content/Maps/MainMenu.umap" 2181
"../../../Engine/Content/Maps/Entry_BuiltData.uasset" 2182
"../../../Engine/Content/Maps/Entry_BuiltData.uexp" 2183
"../../../Engine/Content/Maps/Entry.uexp" 2184
"../../../Engine/Content/Maps/Entry.umap" 2185
